id,name,created_at,updated_at,parent_id
1,レディース,2019-12-3 12:00:00,2019-12-4 12:00:00,
2,トップス,2019-12-3 12:00:00,2019-12-4 12:00:00,1
3,Tシャツ/カットソー(半袖/袖なし),2019-12-3 12:00:00,2019-12-4 12:00:00,2
4,Tシャツ/カットソー(七分/長袖),2019-12-3 12:00:00,2019-12-4 12:00:00,2
5,シャツ/ブラウス(半袖/袖なし),2019-12-3 12:00:00,2019-12-4 12:00:00,2
6,シャツ/ブラウス(七分/長袖),2019-12-3 12:00:00,2019-12-4 12:00:00,2
7,ポロシャツ,2019-12-3 12:00:00,2019-12-4 12:00:00,2
8,キャミソール,2019-12-3 12:00:00,2019-12-4 12:00:00,2
9,タンクトップ,2019-12-3 12:00:00,2019-12-4 12:00:00,2
10,ホルターネック,2019-12-3 12:00:00,2019-12-4 12:00:00,2
11,ニット/セーター,2019-12-3 12:00:00,2019-12-4 12:00:00,2
12,チュニック,2019-12-3 12:00:00,2019-12-4 12:00:00,2
13,カーディガン/ボレロ,2019-12-3 12:00:00,2019-12-4 12:00:00,2
14,アンサンブル,2019-12-3 12:00:00,2019-12-4 12:00:00,2
15,ベスト/ジレ,2019-12-3 12:00:00,2019-12-4 12:00:00,2
16,パーカー,2019-12-3 12:00:00,2019-12-4 12:00:00,2
17,トレーナー/スウェット,2019-12-3 12:00:00,2019-12-4 12:00:00,2
18,ベアトップ/チューブトップ,2019-12-3 12:00:00,2019-12-4 12:00:00,2
19,ジャージ,2019-12-3 12:00:00,2019-12-4 12:00:00,2
20,その他,2019-12-3 12:00:00,2019-12-4 12:00:00,2
21,ジェケット/アウター,2019-12-3 12:00:00,2019-12-4 12:00:00,1
22,テーラードジャケット,2019-12-3 12:00:00,2019-12-4 12:00:00,21
23,ノーカラージャケット,2019-12-3 12:00:00,2019-12-4 12:00:00,21
24,Gジャン/デニムジャケット,2019-12-3 12:00:00,2019-12-4 12:00:00,21
25,レザージャケット,2019-12-3 12:00:00,2019-12-4 12:00:00,21
26,ダウンジャケット,2019-12-3 12:00:00,2019-12-4 12:00:00,21
27,ライダースジャケット,2019-12-3 12:00:00,2019-12-4 12:00:00,21
28,ミリタリージャケット,2019-12-3 12:00:00,2019-12-4 12:00:00,21
29,ダウンベスト,2019-12-3 12:00:00,2019-12-4 12:00:00,21
30,ジャンパー/ブルゾン,2019-12-3 12:00:00,2019-12-4 12:00:00,21
31,ポンチョ,2019-12-3 12:00:00,2019-12-4 12:00:00,21
32,ロングコート,2019-12-3 12:00:00,2019-12-4 12:00:00,21
33,トレンチコート,2019-12-3 12:00:00,2019-12-4 12:00:00,21
34,ダッフルコート,2019-12-3 12:00:00,2019-12-4 12:00:00,21
35,ピーコート,2019-12-3 12:00:00,2019-12-4 12:00:00,21
36,チェスターコート,2019-12-3 12:00:00,2019-12-4 12:00:00,21
37,モッズコート,2019-12-3 12:00:00,2019-12-4 12:00:00,21
38,スタジャン,2019-12-3 12:00:00,2019-12-4 12:00:00,21
39,毛皮/ファーコート,2019-12-3 12:00:00,2019-12-4 12:00:00,21
40,スプリングコート,2019-12-3 12:00:00,2019-12-4 12:00:00,21
41,スカジャン,2019-12-3 12:00:00,2019-12-4 12:00:00,21
42,その他,2019-12-3 12:00:00,2019-12-4 12:00:00,21
43,パンツ,2019-12-3 12:00:00,2019-12-4 12:00:00,1
44,デニム/ジーンズ,2019-12-3 12:00:00,2019-12-4 12:00:00,43
45,ショートパンツ,2019-12-3 12:00:00,2019-12-4 12:00:00,43
46,カジュアルパンツ,2019-12-3 12:00:00,2019-12-4 12:00:00,43
47,ハーフパンツ,2019-12-3 12:00:00,2019-12-4 12:00:00,43
48,チノパン,2019-12-3 12:00:00,2019-12-4 12:00:00,43
49,ワークパンツ/カーゴパンツ,2019-12-3 12:00:00,2019-12-4 12:00:00,43
50,クロップドパンツ,2019-12-3 12:00:00,2019-12-4 12:00:00,43
51,サロペット/オーバーオール,2019-12-3 12:00:00,2019-12-4 12:00:00,43
52,オールインワン,2019-12-3 12:00:00,2019-12-4 12:00:00,43
53,サルエルパンツ,2019-12-3 12:00:00,2019-12-4 12:00:00,43
54,ガウチョパンツ,2019-12-3 12:00:00,2019-12-4 12:00:00,43
55,その他,2019-12-3 12:00:00,2019-12-4 12:00:00,43
56,スカート,2019-12-3 12:00:00,2019-12-4 12:00:00,1
57,ミニスカート,2019-12-3 12:00:00,2019-12-4 12:00:00,56
58,ひざ丈スカート,2019-12-3 12:00:00,2019-12-4 12:00:00,56
59,ロングスカート,2019-12-3 12:00:00,2019-12-4 12:00:00,56
60,キュロット,2019-12-3 12:00:00,2019-12-4 12:00:00,56
61,その他,2019-12-3 12:00:00,2019-12-4 12:00:00,56
62,ワンピース,2019-12-3 12:00:00,2019-12-4 12:00:00,1
63,ミニワンピース,2019-12-3 12:00:00,2019-12-4 12:00:00,62
64,ひざ丈ワンピース,2019-12-3 12:00:00,2019-12-4 12:00:00,62
65,ロングワンピース,2019-12-3 12:00:00,2019-12-4 12:00:00,62
66,その他,2019-12-3 12:00:00,2019-12-4 12:00:00,62
67,靴,2019-12-3 12:00:00,2019-12-4 12:00:00,1
68,ハイヒール/パンプス,2019-12-3 12:00:00,2019-12-4 12:00:00,67
69,ブーツ,2019-12-3 12:00:00,2019-12-4 12:00:00,67
70,サンダル,2019-12-3 12:00:00,2019-12-4 12:00:00,67
71,スニーカー,2019-12-3 12:00:00,2019-12-4 12:00:00,67
72,ミュール,2019-12-3 12:00:00,2019-12-4 12:00:00,67
73,モカシン,2019-12-3 12:00:00,2019-12-4 12:00:00,67
74,ローファー/革靴,2019-12-3 12:00:00,2019-12-4 12:00:00,67
75,フラットシューズ/バレエシューズ,2019-12-3 12:00:00,2019-12-4 12:00:00,67
76,長靴/レインシューズ,2019-12-3 12:00:00,2019-12-4 12:00:00,67
77,その他,2019-12-3 12:00:00,2019-12-4 12:00:00,67
78,ルームウェア/パジャマ,2019-12-3 12:00:00,2019-12-4 12:00:00,1
79,パジャマ,2019-12-3 12:00:00,2019-12-4 12:00:00,78
80,ルームウェア,2019-12-3 12:00:00,2019-12-4 12:00:00,78
81,レッグウェア,2019-12-3 12:00:00,2019-12-4 12:00:00,1
82,ソックス,2019-12-3 12:00:00,2019-12-4 12:00:00,81
83,スパッツ/レギンス,2019-12-3 12:00:00,2019-12-4 12:00:00,81
84,ストッキング/タイツ,2019-12-3 12:00:00,2019-12-4 12:00:00,81
85,レッグウォーマー,2019-12-3 12:00:00,2019-12-4 12:00:00,81
86,その他,2019-12-3 12:00:00,2019-12-4 12:00:00,81
87,帽子,2019-12-3 12:00:00,2019-12-4 12:00:00,1
88,ニットキャップ/ビーニー,2019-12-3 12:00:00,2019-12-4 12:00:00,88
89,ハット,2019-12-3 12:00:00,2019-12-4 12:00:00,88
90,ハンチング/ベレー帽,2019-12-3 12:00:00,2019-12-4 12:00:00,88
91,キャップ,2019-12-3 12:00:00,2019-12-4 12:00:00,88
92,キャスケット,2019-12-3 12:00:00,2019-12-4 12:00:00,88
93,麦わら帽子,2019-12-3 12:00:00,2019-12-4 12:00:00,88
94,その他,2019-12-3 12:00:00,2019-12-4 12:00:00,88
95,バッグ,2019-12-3 12:00:00,2019-12-4 12:00:00,1
96,ハンドバッグ,2019-12-3 12:00:00,2019-12-4 12:00:00,95
97,トートバッグ,2019-12-3 12:00:00,2019-12-4 12:00:00,95
98,エコバッグ,2019-12-3 12:00:00,2019-12-4 12:00:00,95
99,リュック/バックパック,2019-12-3 12:00:00,2019-12-4 12:00:00,95
100,ボストンバッグ,2019-12-3 12:00:00,2019-12-4 12:00:00,95
101,スポーツバッグ,2019-12-3 12:00:00,2019-12-4 12:00:00,95
102,ショルダーバッグ,2019-12-3 12:00:00,2019-12-4 12:00:00,95
103,クラッチバッグ,2019-12-3 12:00:00,2019-12-4 12:00:00,95
104,ポーチ/バニティ,2019-12-3 12:00:00,2019-12-4 12:00:00,95
105,ボディバッグ/ウェストバッグ,2019-12-3 12:00:00,2019-12-4 12:00:00,95
106,マザーズバッグ,2019-12-3 12:00:00,2019-12-4 12:00:00,95
107,メッセンジャーバッグ,2019-12-3 12:00:00,2019-12-4 12:00:00,95
108,ビジネスバッグ,2019-12-3 12:00:00,2019-12-4 12:00:00,95
109,旅行用バッグ/キャリーバッグ,2019-12-3 12:00:00,2019-12-4 12:00:00,95
110,ショップ袋,2019-12-3 12:00:00,2019-12-4 12:00:00,95
111,和装用バッグ,2019-12-3 12:00:00,2019-12-4 12:00:00,95
112,かごバッグ,2019-12-3 12:00:00,2019-12-4 12:00:00,95
113,その他,2019-12-3 12:00:00,2019-12-4 12:00:00,95
114,アクセサリー,2019-12-3 12:00:00,2019-12-4 12:00:00,1
115,ネックレス,2019-12-3 12:00:00,2019-12-4 12:00:00,114
116,ブレスレット,2019-12-3 12:00:00,2019-12-4 12:00:00,114
117,バングル/リストバンド,2019-12-3 12:00:00,2019-12-4 12:00:00,114
118,リング,2019-12-3 12:00:00,2019-12-4 12:00:00,114
119,ピアス(片耳用),2019-12-3 12:00:00,2019-12-4 12:00:00,114
120,ピアス(両耳用),2019-12-3 12:00:00,2019-12-4 12:00:00,114
121,イヤリング,2019-12-3 12:00:00,2019-12-4 12:00:00,114
122,アンクレット,2019-12-3 12:00:00,2019-12-4 12:00:00,114
123,ブローチ/コサージュ,2019-12-3 12:00:00,2019-12-4 12:00:00,114
124,チャーム,2019-12-3 12:00:00,2019-12-4 12:00:00,114
125,その他,2019-12-3 12:00:00,2019-12-4 12:00:00,114
126,ヘアアクセサリー,2019-12-3 12:00:00,2019-12-4 12:00:00,1
127,ヘアゴム/シュシュ,2019-12-3 12:00:00,2019-12-4 12:00:00,126
128,ヘアバンド/カチューシャ,2019-12-3 12:00:00,2019-12-4 12:00:00,126
129,ヘアピン,2019-12-3 12:00:00,2019-12-4 12:00:00,126
130,その他,2019-12-3 12:00:00,2019-12-4 12:00:00,126
131,小物,2019-12-3 12:00:00,2019-12-4 12:00:00,1
132,長財布,2019-12-3 12:00:00,2019-12-4 12:00:00,131
133,折り財布,2019-12-3 12:00:00,2019-12-4 12:00:00,131
134,コインケース/小銭入れ,2019-12-3 12:00:00,2019-12-4 12:00:00,131
135,名刺入れ/定期入れ,2019-12-3 12:00:00,2019-12-4 12:00:00,131
136,キーケース,2019-12-3 12:00:00,2019-12-4 12:00:00,131
137,キーホルダー,2019-12-3 12:00:00,2019-12-4 12:00:00,131
138,手袋/アームカバー,2019-12-3 12:00:00,2019-12-4 12:00:00,131
139,ハンカチ,2019-12-3 12:00:00,2019-12-4 12:00:00,131
140,ベルト,2019-12-3 12:00:00,2019-12-4 12:00:00,131
141,マフラー/ショール,2019-12-3 12:00:00,2019-12-4 12:00:00,131
142,ストール/スヌード,2019-12-3 12:00:00,2019-12-4 12:00:00,131
143,バンダナ/スカーフ,2019-12-3 12:00:00,2019-12-4 12:00:00,131
144,ネックウォーマー,2019-12-3 12:00:00,2019-12-4 12:00:00,131
145,サスペンダー,2019-12-3 12:00:00,2019-12-4 12:00:00,131
146,サングラス/メガネ,2019-12-3 12:00:00,2019-12-4 12:00:00,131
147,モバイルケース/カバー,2019-12-3 12:00:00,2019-12-4 12:00:00,131
148,手帳,2019-12-3 12:00:00,2019-12-4 12:00:00,131
149,イヤマフラー,2019-12-3 12:00:00,2019-12-4 12:00:00,131
150,傘,2019-12-3 12:00:00,2019-12-4 12:00:00,131
151,レインコート/ポンチョ,2019-12-3 12:00:00,2019-12-4 12:00:00,131
152,ミラー,2019-12-3 12:00:00,2019-12-4 12:00:00,131
153,タバコグッズ,2019-12-3 12:00:00,2019-12-4 12:00:00,131
154,その他,2019-12-3 12:00:00,2019-12-4 12:00:00,131
155,腕時計,2019-12-3 12:00:00,2019-12-4 12:00:00,1
156,腕時計(アナログ),2019-12-3 12:00:00,2019-12-4 12:00:00,155
157,腕時計(デジタル),2019-12-3 12:00:00,2019-12-4 12:00:00,155
158,ラバーベルト,2019-12-3 12:00:00,2019-12-4 12:00:00,155
159,レザーベルト,2019-12-3 12:00:00,2019-12-4 12:00:00,155
160,金属ベルト,2019-12-3 12:00:00,2019-12-4 12:00:00,155
161,その他,2019-12-3 12:00:00,2019-12-4 12:00:00,155
162,ウィッグ/エクステ,2019-12-3 12:00:00,2019-12-4 12:00:00,1
163,前髪ウィッグ,2019-12-3 12:00:00,2019-12-4 12:00:00,162
164,ロングストレート,2019-12-3 12:00:00,2019-12-4 12:00:00,162
165,ロングカール,2019-12-3 12:00:00,2019-12-4 12:00:00,162
166,ショートストレート,2019-12-3 12:00:00,2019-12-4 12:00:00,162
167,ショートカール,2019-12-3 12:00:00,2019-12-4 12:00:00,162
168,その他,2019-12-3 12:00:00,2019-12-4 12:00:00,162
169,浴衣/水着,2019-12-3 12:00:00,2019-12-4 12:00:00,1
170,浴衣,2019-12-3 12:00:00,2019-12-4 12:00:00,169
171,着物,2019-12-3 12:00:00,2019-12-4 12:00:00,169
172,振袖,2019-12-3 12:00:00,2019-12-4 12:00:00,169
173,長襦袢/半襦袢,2019-12-3 12:00:00,2019-12-4 12:00:00,169
174,水着セパレート,2019-12-3 12:00:00,2019-12-4 12:00:00,169
175,水着ワンピース,2019-12-3 12:00:00,2019-12-4 12:00:00,169
176,水着スポーツ用,2019-12-3 12:00:00,2019-12-4 12:00:00,169
177,その他,2019-12-3 12:00:00,2019-12-4 12:00:00,169
178,スーツ/フォーマル/ドレス,2019-12-3 12:00:00,2019-12-4 12:00:00,1
179,スカートスーツ上下,2019-12-3 12:00:00,2019-12-4 12:00:00,178
180,パンツスーツ上下,2019-12-3 12:00:00,2019-12-4 12:00:00,178
181,ドレス,2019-12-3 12:00:00,2019-12-4 12:00:00,178
182,パーティーバッグ,2019-12-3 12:00:00,2019-12-4 12:00:00,178
183,シューズ,2019-12-3 12:00:00,2019-12-4 12:00:00,178
184,ウェディング,2019-12-3 12:00:00,2019-12-4 12:00:00,178
185,その他,2019-12-3 12:00:00,2019-12-4 12:00:00,178
186,マタニティ,2019-12-3 12:00:00,2019-12-4 12:00:00,1
187,トップス,2019-12-3 12:00:00,2019-12-4 12:00:00,186
188,アウター,2019-12-3 12:00:00,2019-12-4 12:00:00,186
189,インナー,2019-12-3 12:00:00,2019-12-4 12:00:00,186
190,ワンピース,2019-12-3 12:00:00,2019-12-4 12:00:00,186
191,パンツ/スパッツ,2019-12-3 12:00:00,2019-12-4 12:00:00,186
192,スカート,2019-12-3 12:00:00,2019-12-4 12:00:00,186
193,パジャマ,2019-12-3 12:00:00,2019-12-4 12:00:00,186
194,授乳服,2019-12-3 12:00:00,2019-12-4 12:00:00,186
195,その他,2019-12-3 12:00:00,2019-12-4 12:00:00,1
196,コスプレ,2019-12-3 12:00:00,2019-12-4 12:00:00,195
197,下着,2019-12-3 12:00:00,2019-12-4 12:00:00,195
198,その他,2019-12-3 12:00:00,2019-12-4 12:00:00,195
199,メンズ,2019-12-3 12:00:00,2019-12-4 12:00:00,
200,トップス,2019-12-3 12:00:00,2019-12-4 12:00:00,199
201,Tシャツ/カットソー(半袖/袖なし),2019-12-3 12:00:00,2019-12-4 12:00:00,200
202,Tシャツ/カットソー(七分/長袖),2019-12-3 12:00:00,2019-12-4 12:00:00,200
203,シャツ,2019-12-3 12:00:00,2019-12-4 12:00:00,200
204,ポロシャツ,2019-12-3 12:00:00,2019-12-4 12:00:00,200
205,タンクトップ,2019-12-3 12:00:00,2019-12-4 12:00:00,200
206,ニット/セーター,2019-12-3 12:00:00,2019-12-4 12:00:00,200
207,パーカー,2019-12-3 12:00:00,2019-12-4 12:00:00,200
208,カーディガン,2019-12-3 12:00:00,2019-12-4 12:00:00,200
209,スウェット,2019-12-3 12:00:00,2019-12-4 12:00:00,200
210,ジャージ,2019-12-3 12:00:00,2019-12-4 12:00:00,200
211,ベスト,2019-12-3 12:00:00,2019-12-4 12:00:00,200
212,その他,2019-12-3 12:00:00,2019-12-4 12:00:00,200
213,ジャケット/アウター,2019-12-3 12:00:00,2019-12-4 12:00:00,199
214,テーラードジャケット,2019-12-3 12:00:00,2019-12-4 12:00:00,213
215,ノーカラージャケット,2019-12-3 12:00:00,2019-12-4 12:00:00,213
216,Gジャン/デニムジャケット,2019-12-3 12:00:00,2019-12-4 12:00:00,213
217,レザージャケット,2019-12-3 12:00:00,2019-12-4 12:00:00,213
218,ダウンジャケット,2019-12-3 12:00:00,2019-12-4 12:00:00,213
219,ライダースジャケット,2019-12-3 12:00:00,2019-12-4 12:00:00,213
220,ミリタリージャケット,2019-12-3 12:00:00,2019-12-4 12:00:00,213
221,ナイロンジャケット,2019-12-3 12:00:00,2019-12-4 12:00:00,213
222,フライトジャケット,2019-12-3 12:00:00,2019-12-4 12:00:00,213
223,ダッフルコート,2019-12-3 12:00:00,2019-12-4 12:00:00,213
224,ピーコート,2019-12-3 12:00:00,2019-12-4 12:00:00,213
225,ステンカラーコート,2019-12-3 12:00:00,2019-12-4 12:00:00,213
226,トレンチコート,2019-12-3 12:00:00,2019-12-4 12:00:00,213
227,モッズコート,2019-12-3 12:00:00,2019-12-4 12:00:00,213
228,チェスターコート,2019-12-3 12:00:00,2019-12-4 12:00:00,213
229,スタジャン,2019-12-3 12:00:00,2019-12-4 12:00:00,213
230,スカジャン,2019-12-3 12:00:00,2019-12-4 12:00:00,213
231,ブルゾン,2019-12-3 12:00:00,2019-12-4 12:00:00,213
232,マウンテンパーカー,2019-12-3 12:00:00,2019-12-4 12:00:00,213
233,ダウンベスト,2019-12-3 12:00:00,2019-12-4 12:00:00,213
234,ポンチョ,2019-12-3 12:00:00,2019-12-4 12:00:00,213
235,カバーオール,2019-12-3 12:00:00,2019-12-4 12:00:00,213
236,その他,2019-12-3 12:00:00,2019-12-4 12:00:00,213
237,パンツ,2019-12-3 12:00:00,2019-12-4 12:00:00,199
238,デニム/ジーンズ,2019-12-3 12:00:00,2019-12-4 12:00:00,237
239,ワークパンツ/カーゴパンツ,2019-12-3 12:00:00,2019-12-4 12:00:00,237
240,スラックス,2019-12-3 12:00:00,2019-12-4 12:00:00,237
241,チノパン,2019-12-3 12:00:00,2019-12-4 12:00:00,237
242,ショートパンツ,2019-12-3 12:00:00,2019-12-4 12:00:00,237
243,ペインターパンツ,2019-12-3 12:00:00,2019-12-4 12:00:00,237
244,サルエルパンツ,2019-12-3 12:00:00,2019-12-4 12:00:00,237
245,オーバーオール,2019-12-3 12:00:00,2019-12-4 12:00:00,237
246,その他,2019-12-3 12:00:00,2019-12-4 12:00:00,237
247,靴,2019-12-3 12:00:00,2019-12-4 12:00:00,199
248,スニーカー,2019-12-3 12:00:00,2019-12-4 12:00:00,247
249,サンダル,2019-12-3 12:00:00,2019-12-4 12:00:00,247
250,ブーツ,2019-12-3 12:00:00,2019-12-4 12:00:00,247
251,モカシン,2019-12-3 12:00:00,2019-12-4 12:00:00,247
252,ドレス/ビジネス,2019-12-3 12:00:00,2019-12-4 12:00:00,247
253,長靴/レインシューズ,2019-12-3 12:00:00,2019-12-4 12:00:00,247
254,デッキシューズ,2019-12-3 12:00:00,2019-12-4 12:00:00,247
255,その他,2019-12-3 12:00:00,2019-12-4 12:00:00,247
256,バッグ,2019-12-3 12:00:00,2019-12-4 12:00:00,199
257,ショルダーバッグ,2019-12-3 12:00:00,2019-12-4 12:00:00,256
258,トートバッグ,2019-12-3 12:00:00,2019-12-4 12:00:00,256
259,ボストンバッグ,2019-12-3 12:00:00,2019-12-4 12:00:00,256
260,リュック/バックパック,2019-12-3 12:00:00,2019-12-4 12:00:00,256
261,ウエストポーチ,2019-12-3 12:00:00,2019-12-4 12:00:00,256
262,ボディーバッグ,2019-12-3 12:00:00,2019-12-4 12:00:00,256
263,ドラムバッグ,2019-12-3 12:00:00,2019-12-4 12:00:00,256
264,ビジネスバッグ,2019-12-3 12:00:00,2019-12-4 12:00:00,256
265,トラベルバッグ,2019-12-3 12:00:00,2019-12-4 12:00:00,256
266,メッセンジャーバッグ,2019-12-3 12:00:00,2019-12-4 12:00:00,256
267,エコバッグ,2019-12-3 12:00:00,2019-12-4 12:00:00,256
268,その他,2019-12-3 12:00:00,2019-12-4 12:00:00,256
269,スーツ,2019-12-3 12:00:00,2019-12-4 12:00:00,199
270,スーツジャケット,2019-12-3 12:00:00,2019-12-4 12:00:00,269
271,スーツベスト,2019-12-3 12:00:00,2019-12-4 12:00:00,269
272,スラックス,2019-12-3 12:00:00,2019-12-4 12:00:00,269
273,セットアップ,2019-12-3 12:00:00,2019-12-4 12:00:00,269
274,その他,2019-12-3 12:00:00,2019-12-4 12:00:00,269
275,帽子,2019-12-3 12:00:00,2019-12-4 12:00:00,199
276,キャップ,2019-12-3 12:00:00,2019-12-4 12:00:00,275
277,ハット,2019-12-3 12:00:00,2019-12-4 12:00:00,275
278,ニットキャップ/ビーニー,2019-12-3 12:00:00,2019-12-4 12:00:00,275
279,ハンチング/ベレー帽,2019-12-3 12:00:00,2019-12-4 12:00:00,275
280,キャスケット,2019-12-3 12:00:00,2019-12-4 12:00:00,275
281,サンバイザー,2019-12-3 12:00:00,2019-12-4 12:00:00,275
282,その他,2019-12-3 12:00:00,2019-12-4 12:00:00,275
283,アクセサリー,2019-12-3 12:00:00,2019-12-4 12:00:00,199
284,ネックレス,2019-12-3 12:00:00,2019-12-4 12:00:00,283
285,ブレスレット,2019-12-3 12:00:00,2019-12-4 12:00:00,283
286,バングル/リストバンド,2019-12-3 12:00:00,2019-12-4 12:00:00,283
287,リング,2019-12-3 12:00:00,2019-12-4 12:00:00,283
288,ピアス(片耳用),2019-12-3 12:00:00,2019-12-4 12:00:00,283
289,ピアス(両耳用),2019-12-3 12:00:00,2019-12-4 12:00:00,283
290,アンクレット,2019-12-3 12:00:00,2019-12-4 12:00:00,283
291,その他,2019-12-3 12:00:00,2019-12-4 12:00:00,283
292,小物,2019-12-3 12:00:00,2019-12-4 12:00:00,199
293,長財布,2019-12-3 12:00:00,2019-12-4 12:00:00,292
294,折り財布,2019-12-3 12:00:00,2019-12-4 12:00:00,292
295,マネークリップ,2019-12-3 12:00:00,2019-12-4 12:00:00,292
296,コインケース/小銭入れ,2019-12-3 12:00:00,2019-12-4 12:00:00,292
297,名刺入れ/定期入れ,2019-12-3 12:00:00,2019-12-4 12:00:00,292
298,キーケース,2019-12-3 12:00:00,2019-12-4 12:00:00,292
299,キーホルダー,2019-12-3 12:00:00,2019-12-4 12:00:00,292
300,ネクタイ,2019-12-3 12:00:00,2019-12-4 12:00:00,292
301,手袋,2019-12-3 12:00:00,2019-12-4 12:00:00,292
302,ハンカチ,2019-12-3 12:00:00,2019-12-4 12:00:00,292
303,ベルト,2019-12-3 12:00:00,2019-12-4 12:00:00,292
304,マフラー,2019-12-3 12:00:00,2019-12-4 12:00:00,292
305,ストール,2019-12-3 12:00:00,2019-12-4 12:00:00,292
306,バンダナ,2019-12-3 12:00:00,2019-12-4 12:00:00,292
307,ネックウォーマー,2019-12-3 12:00:00,2019-12-4 12:00:00,292
308,サスペンダー,2019-12-3 12:00:00,2019-12-4 12:00:00,292
309,ウォレットチェーン,2019-12-3 12:00:00,2019-12-4 12:00:00,292
310,サングラス/メガネ,2019-12-3 12:00:00,2019-12-4 12:00:00,292
311,モバイルケース/カバー,2019-12-3 12:00:00,2019-12-4 12:00:00,292
312,手帳,2019-12-3 12:00:00,2019-12-4 12:00:00,292
313,ストラップ,2019-12-3 12:00:00,2019-12-4 12:00:00,292
314,ネクタイピン,2019-12-3 12:00:00,2019-12-4 12:00:00,292
315,カフリンクス,2019-12-3 12:00:00,2019-12-4 12:00:00,292
316,イヤマフラー,2019-12-3 12:00:00,2019-12-4 12:00:00,292
317,傘,2019-12-3 12:00:00,2019-12-4 12:00:00,292
318,レインコート,2019-12-3 12:00:00,2019-12-4 12:00:00,292
319,ミラー,2019-12-3 12:00:00,2019-12-4 12:00:00,292
320,タバコグッズ,2019-12-3 12:00:00,2019-12-4 12:00:00,292
321,その他,2019-12-3 12:00:00,2019-12-4 12:00:00,292
322,時計,2019-12-3 12:00:00,2019-12-4 12:00:00,199
323,腕時計(アナログ),2019-12-3 12:00:00,2019-12-4 12:00:00,322
324,腕時計(デジタル),2019-12-3 12:00:00,2019-12-4 12:00:00,322
325,ラバーベルト,2019-12-3 12:00:00,2019-12-4 12:00:00,322
326,レザーベルト,2019-12-3 12:00:00,2019-12-4 12:00:00,322
327,金属ベルト,2019-12-3 12:00:00,2019-12-4 12:00:00,322
328,その他,2019-12-3 12:00:00,2019-12-4 12:00:00,322
329,水着,2019-12-3 12:00:00,2019-12-4 12:00:00,199
330,一般水着,2019-12-3 12:00:00,2019-12-4 12:00:00,329
331,スポーツ用,2019-12-3 12:00:00,2019-12-4 12:00:00,329
332,アクセサリー,2019-12-3 12:00:00,2019-12-4 12:00:00,329
333,その他,2019-12-3 12:00:00,2019-12-4 12:00:00,329
334,レッグウェア,2019-12-3 12:00:00,2019-12-4 12:00:00,199
335,ソックス,2019-12-3 12:00:00,2019-12-4 12:00:00,334
336,レギンス/スパッツ,2019-12-3 12:00:00,2019-12-4 12:00:00,334
337,レッグウォーマー,2019-12-3 12:00:00,2019-12-4 12:00:00,334
338,その他,2019-12-3 12:00:00,2019-12-4 12:00:00,334
339,アンダーウェア,2019-12-3 12:00:00,2019-12-4 12:00:00,199
340,トランクス,2019-12-3 12:00:00,2019-12-4 12:00:00,339
341,ボクサーパンツ,2019-12-3 12:00:00,2019-12-4 12:00:00,339
342,その他,2019-12-3 12:00:00,2019-12-4 12:00:00,339
343,その他,2019-12-3 12:00:00,2019-12-4 12:00:00,199
344,ベビー・キッズ,2019-12-3 12:00:00,2019-12-4 12:00:00,
345,ベビー服(女の子用)~95cm,2019-12-3 12:00:00,2019-12-4 12:00:00,344
346,トップス,2019-12-3 12:00:00,2019-12-4 12:00:00,345
347,アウター,2019-12-3 12:00:00,2019-12-4 12:00:00,345
348,パンツ,2019-12-3 12:00:00,2019-12-4 12:00:00,345
349,スカート,2019-12-3 12:00:00,2019-12-4 12:00:00,345
350,ワンピース,2019-12-3 12:00:00,2019-12-4 12:00:00,345
351,ベビードレス,2019-12-3 12:00:00,2019-12-4 12:00:00,345
352,おくるみ,2019-12-3 12:00:00,2019-12-4 12:00:00,345
353,下着/肌着,2019-12-3 12:00:00,2019-12-4 12:00:00,345
354,パジャマ,2019-12-3 12:00:00,2019-12-4 12:00:00,345
355,ロンパース,2019-12-3 12:00:00,2019-12-4 12:00:00,345
356,その他,2019-12-3 12:00:00,2019-12-4 12:00:00,345
357,ベビー服(男の子用)~95cm,2019-12-3 12:00:00,2019-12-4 12:00:00,344
358,トップス,2019-12-3 12:00:00,2019-12-4 12:00:00,357
359,アウター,2019-12-3 12:00:00,2019-12-4 12:00:00,357
360,パンツ,2019-12-3 12:00:00,2019-12-4 12:00:00,357
361,おくるみ,2019-12-3 12:00:00,2019-12-4 12:00:00,357
362,下着/肌着,2019-12-3 12:00:00,2019-12-4 12:00:00,357
363,パジャマ,2019-12-3 12:00:00,2019-12-4 12:00:00,357
364,ロンパース,2019-12-3 12:00:00,2019-12-4 12:00:00,357
365,その他,2019-12-3 12:00:00,2019-12-4 12:00:00,357
366,ベビー服(男女兼用)~95cm,2019-12-3 12:00:00,2019-12-4 12:00:00,344
367,トップス,2019-12-3 12:00:00,2019-12-4 12:00:00,366
368,アウター,2019-12-3 12:00:00,2019-12-4 12:00:00,366
369,パンツ,2019-12-3 12:00:00,2019-12-4 12:00:00,366
370,おくるみ,2019-12-3 12:00:00,2019-12-4 12:00:00,366
371,下着/肌着,2019-12-3 12:00:00,2019-12-4 12:00:00,366
372,パジャマ,2019-12-3 12:00:00,2019-12-4 12:00:00,366
373,ロンパース,2019-12-3 12:00:00,2019-12-4 12:00:00,366
374,その他,2019-12-3 12:00:00,2019-12-4 12:00:00,366
375,キッズ服(女の子用)100cm~,2019-12-3 12:00:00,2019-12-4 12:00:00,344
376,コート,2019-12-3 12:00:00,2019-12-4 12:00:00,376
377,ジャケット/上着,2019-12-3 12:00:00,2019-12-4 12:00:00,376
378,トップス(Tシャツ/カットソー),2019-12-3 12:00:00,2019-12-4 12:00:00,376
379,トップス(トレーナー),2019-12-3 12:00:00,2019-12-4 12:00:00,376
380,トップス(チュニック),2019-12-3 12:00:00,2019-12-4 12:00:00,376
381,トップス(タンクトップ),2019-12-3 12:00:00,2019-12-4 12:00:00,376
382,トップス(その他),2019-12-3 12:00:00,2019-12-4 12:00:00,376
383,スカート,2019-12-3 12:00:00,2019-12-4 12:00:00,376
384,パンツ,2019-12-3 12:00:00,2019-12-4 12:00:00,376
385,ワンピース,2019-12-3 12:00:00,2019-12-4 12:00:00,376
386,セットアップ,2019-12-3 12:00:00,2019-12-4 12:00:00,376
387,パジャマ,2019-12-3 12:00:00,2019-12-4 12:00:00,376
388,フォーマル/ドレス,2019-12-3 12:00:00,2019-12-4 12:00:00,376
389,和服,2019-12-3 12:00:00,2019-12-4 12:00:00,376
390,浴衣,2019-12-3 12:00:00,2019-12-4 12:00:00,376
391,甚平,2019-12-3 12:00:00,2019-12-4 12:00:00,376
392,水着,2019-12-3 12:00:00,2019-12-4 12:00:00,376
393,その他,2019-12-3 12:00:00,2019-12-4 12:00:00,376
394,キッズ服(男の子用)100cm~,2019-12-3 12:00:00,2019-12-4 12:00:00,344
395,コート,2019-12-3 12:00:00,2019-12-4 12:00:00,394
396,ジャケット/上着,2019-12-3 12:00:00,2019-12-4 12:00:00,394
397,トップス(Tシャツ/カットソー),2019-12-3 12:00:00,2019-12-4 12:00:00,394
398,トップス(トレーナー),2019-12-3 12:00:00,2019-12-4 12:00:00,394
399,トップス(その他),2019-12-3 12:00:00,2019-12-4 12:00:00,394
400,パンツ,2019-12-3 12:00:00,2019-12-4 12:00:00,394
401,セットアップ,2019-12-3 12:00:00,2019-12-4 12:00:00,394
402,パジャマ,2019-12-3 12:00:00,2019-12-4 12:00:00,394
403,フォーマル/ドレス,2019-12-3 12:00:00,2019-12-4 12:00:00,394
404,和服,2019-12-3 12:00:00,2019-12-4 12:00:00,394
405,浴衣,2019-12-3 12:00:00,2019-12-4 12:00:00,394
406,甚平,2019-12-3 12:00:00,2019-12-4 12:00:00,394
407,水着,2019-12-3 12:00:00,2019-12-4 12:00:00,394
408,その他,2019-12-3 12:00:00,2019-12-4 12:00:00,394
409,キッズ服(男女兼用)100cm~,2019-12-3 12:00:00,2019-12-4 12:00:00,344
410,コート,2019-12-3 12:00:00,2019-12-4 12:00:00,409
411,ジャケット/上着,2019-12-3 12:00:00,2019-12-4 12:00:00,409
412,トップス(Tシャツ/カットソー),2019-12-3 12:00:00,2019-12-4 12:00:00,409
413,トップス(トレーナー),2019-12-3 12:00:00,2019-12-4 12:00:00,409
414,トップス(その他),2019-12-3 12:00:00,2019-12-4 12:00:00,409
415,ボトムス,2019-12-3 12:00:00,2019-12-4 12:00:00,409
416,パジャマ,2019-12-3 12:00:00,2019-12-4 12:00:00,409
417,その他,2019-12-3 12:00:00,2019-12-4 12:00:00,409
418,キッズ靴,2019-12-3 12:00:00,2019-12-4 12:00:00,344
419,スニーカー,2019-12-3 12:00:00,2019-12-4 12:00:00,418
420,サンダル,2019-12-3 12:00:00,2019-12-4 12:00:00,418
421,ブーツ,2019-12-3 12:00:00,2019-12-4 12:00:00,418
422,長靴,2019-12-3 12:00:00,2019-12-4 12:00:00,418
423,その他,2019-12-3 12:00:00,2019-12-4 12:00:00,418
424,子ども用ファッション小物,2019-12-3 12:00:00,2019-12-4 12:00:00,344
425,靴下/スパッツ,2019-12-3 12:00:00,2019-12-4 12:00:00,424
426,帽子,2019-12-3 12:00:00,2019-12-4 12:00:00,424
427,エプロン,2019-12-3 12:00:00,2019-12-4 12:00:00,424
428,サスペンダー,2019-12-3 12:00:00,2019-12-4 12:00:00,424
429,タイツ,2019-12-3 12:00:00,2019-12-4 12:00:00,424
430,ハンカチ,2019-12-3 12:00:00,2019-12-4 12:00:00,424
431,バンダナ,2019-12-3 12:00:00,2019-12-4 12:00:00,424
432,ベルト,2019-12-3 12:00:00,2019-12-4 12:00:00,424
433,マフラー,2019-12-3 12:00:00,2019-12-4 12:00:00,424
434,傘,2019-12-3 12:00:00,2019-12-4 12:00:00,424
435,手袋,2019-12-3 12:00:00,2019-12-4 12:00:00,424
436,スタイ,2019-12-3 12:00:00,2019-12-4 12:00:00,424
437,バッグ,2019-12-3 12:00:00,2019-12-4 12:00:00,424
438,その他,2019-12-3 12:00:00,2019-12-4 12:00:00,424
439,おむつ/トイレ/バス,2019-12-3 12:00:00,2019-12-4 12:00:00,344
440,おむつ用品,2019-12-3 12:00:00,2019-12-4 12:00:00,339
441,おまる/補助便座,2019-12-3 12:00:00,2019-12-4 12:00:00,339
442,トレーニングパンツ,2019-12-3 12:00:00,2019-12-4 12:00:00,339
443,ベビーバス,2019-12-3 12:00:00,2019-12-4 12:00:00,339
444,お風呂用品,2019-12-3 12:00:00,2019-12-4 12:00:00,339
445,その他,2019-12-3 12:00:00,2019-12-4 12:00:00,339
446,外出/移動用品,2019-12-3 12:00:00,2019-12-4 12:00:00,344
447,ベビーカー,2019-12-3 12:00:00,2019-12-4 12:00:00,446
448,抱っこひも/スリング,2019-12-3 12:00:00,2019-12-4 12:00:00,446
449,チャイルドシート,2019-12-3 12:00:00,2019-12-4 12:00:00,446
450,その他,2019-12-3 12:00:00,2019-12-4 12:00:00,446
451,授乳/食事,2019-12-3 12:00:00,2019-12-4 12:00:00,344
452,ミルク,2019-12-3 12:00:00,2019-12-4 12:00:00,451
453,ベビーフード,2019-12-3 12:00:00,2019-12-4 12:00:00,451
454,ベビー用食器,2019-12-3 12:00:00,2019-12-4 12:00:00,451
455,その他,2019-12-3 12:00:00,2019-12-4 12:00:00,451
456,ベビー家具/寝具/室内用品,2019-12-3 12:00:00,2019-12-4 12:00:00,344
457,ベッド,2019-12-3 12:00:00,2019-12-4 12:00:00,456
458,布団/毛布,2019-12-3 12:00:00,2019-12-4 12:00:00,456
459,イス,2019-12-3 12:00:00,2019-12-4 12:00:00,456
460,たんす,2019-12-3 12:00:00,2019-12-4 12:00:00,456
461,その他,2019-12-3 12:00:00,2019-12-4 12:00:00,456
462,おもちゃ,2019-12-3 12:00:00,2019-12-4 12:00:00,344
463,おふろのおもちゃ,2019-12-3 12:00:00,2019-12-4 12:00:00,363
464,がらがら,2019-12-3 12:00:00,2019-12-4 12:00:00,363
465,オルゴール,2019-12-3 12:00:00,2019-12-4 12:00:00,363
466,ベビージム,2019-12-3 12:00:00,2019-12-4 12:00:00,363
467,手押し車/カタカタ,2019-12-3 12:00:00,2019-12-4 12:00:00,363
468,知育玩具,2019-12-3 12:00:00,2019-12-4 12:00:00,363
469,その他,2019-12-3 12:00:00,2019-12-4 12:00:00,363
470,行事/記念品,2019-12-3 12:00:00,2019-12-4 12:00:00,344
471,お宮参り用品,2019-12-3 12:00:00,2019-12-4 12:00:00,471
472,お食い初め用品,2019-12-3 12:00:00,2019-12-4 12:00:00,471
473,アルバム,2019-12-3 12:00:00,2019-12-4 12:00:00,471
474,手形/足形,2019-12-3 12:00:00,2019-12-4 12:00:00,471
475,その他,2019-12-3 12:00:00,2019-12-4 12:00:00,344
476,母子手帳用品,2019-12-3 12:00:00,2019-12-4 12:00:00,475
477,その他,2019-12-3 12:00:00,2019-12-4 12:00:00,475
478,インテリア・住まい・小物,2019-12-3 12:00:00,2019-12-4 12:00:00,
479,キッチン/食器,2019-12-3 12:00:00,2019-12-4 12:00:00,478
480,食器,2019-12-3 12:00:00,2019-12-4 12:00:00,479
481,調理器具,2019-12-3 12:00:00,2019-12-4 12:00:00,479
482,収納/キッチン雑貨,2019-12-3 12:00:00,2019-12-4 12:00:00,479
483,弁当用品,2019-12-3 12:00:00,2019-12-4 12:00:00,479
484,カトラリー(スプーン等),2019-12-3 12:00:00,2019-12-4 12:00:00,479
485,テーブル用品,2019-12-3 12:00:00,2019-12-4 12:00:00,479
486,容器,2019-12-3 12:00:00,2019-12-4 12:00:00,479
487,エプロン,2019-12-3 12:00:00,2019-12-4 12:00:00,479
488,アルコールグッズ,2019-12-3 12:00:00,2019-12-4 12:00:00,479
489,浄水機,2019-12-3 12:00:00,2019-12-4 12:00:00,479
490,その他,2019-12-3 12:00:00,2019-12-4 12:00:00,479
491,ベッド/マットレス,2019-12-3 12:00:00,2019-12-4 12:00:00,478
492,セミシングルベッド,2019-12-3 12:00:00,2019-12-4 12:00:00,491
493,シングルベッド,2019-12-3 12:00:00,2019-12-4 12:00:00,491
494,セミダブルベッド,2019-12-3 12:00:00,2019-12-4 12:00:00,491
495,ダブルベッド,2019-12-3 12:00:00,2019-12-4 12:00:00,491
496,ワイドダブルベッド,2019-12-3 12:00:00,2019-12-4 12:00:00,491
497,クイーンベッド,2019-12-3 12:00:00,2019-12-4 12:00:00,491
498,キングベッド,2019-12-3 12:00:00,2019-12-4 12:00:00,491
499,脚付きマットレスベッド,2019-12-3 12:00:00,2019-12-4 12:00:00,491
500,マットレス,2019-12-3 12:00:00,2019-12-4 12:00:00,491
501,すのこベッド,2019-12-3 12:00:00,2019-12-4 12:00:00,491
502,ロフトベッド/システムベッド,2019-12-3 12:00:00,2019-12-4 12:00:00,491
503,簡易ベッド/折りたたみベッド,2019-12-3 12:00:00,2019-12-4 12:00:00,491
504,収納付き,2019-12-3 12:00:00,2019-12-4 12:00:00,491
505,その他,2019-12-3 12:00:00,2019-12-4 12:00:00,491
506,ソファ/ソファベッド,2019-12-3 12:00:00,2019-12-4 12:00:00,478
507,ソファセット,2019-12-3 12:00:00,2019-12-4 12:00:00,506
508,シングルソファ,2019-12-3 12:00:00,2019-12-4 12:00:00,506
509,ラブソファ,2019-12-3 12:00:00,2019-12-4 12:00:00,506
510,トリプルソファ,2019-12-3 12:00:00,2019-12-4 12:00:00,506
511,オットマン,2019-12-3 12:00:00,2019-12-4 12:00:00,506
512,コーナーソファ,2019-12-3 12:00:00,2019-12-4 12:00:00,506
513,ビーズソファ/クッションソファ,2019-12-3 12:00:00,2019-12-4 12:00:00,506
514,ローソファ/フロアソファ,2019-12-3 12:00:00,2019-12-4 12:00:00,506
515,ソファベッド,2019-12-3 12:00:00,2019-12-4 12:00:00,506
516,応接セット,2019-12-3 12:00:00,2019-12-4 12:00:00,506
517,ソファカバー,2019-12-3 12:00:00,2019-12-4 12:00:00,506
518,リクライニングソファ,2019-12-3 12:00:00,2019-12-4 12:00:00,506
519,その他,2019-12-3 12:00:00,2019-12-4 12:00:00,506
520,椅子/チェア,2019-12-3 12:00:00,2019-12-4 12:00:00,478
521,一般,2019-12-3 12:00:00,2019-12-4 12:00:00,520
522,スツール,2019-12-3 12:00:00,2019-12-4 12:00:00,520
523,ダイニングチェア,2019-12-3 12:00:00,2019-12-4 12:00:00,520
524,ハイバックチェア,2019-12-3 12:00:00,2019-12-4 12:00:00,520
525,ロッキングチェア,2019-12-3 12:00:00,2019-12-4 12:00:00,520
526,座椅子,2019-12-3 12:00:00,2019-12-4 12:00:00,520
527,折り畳みイス,2019-12-3 12:00:00,2019-12-4 12:00:00,520
528,デスクチェア,2019-12-3 12:00:00,2019-12-4 12:00:00,520
529,その他,2019-12-3 12:00:00,2019-12-4 12:00:00,520
530,机/テーブル,2019-12-3 12:00:00,2019-12-4 12:00:00,478
531,こたつ,2019-12-3 12:00:00,2019-12-4 12:00:00,530
532,カウンターテーブル,2019-12-3 12:00:00,2019-12-4 12:00:00,530
533,サイドテーブル,2019-12-3 12:00:00,2019-12-4 12:00:00,530
534,センターテーブル,2019-12-3 12:00:00,2019-12-4 12:00:00,530
535,ダイニングテーブル,2019-12-3 12:00:00,2019-12-4 12:00:00,530
536,座卓/ちゃぶ台,2019-12-3 12:00:00,2019-12-4 12:00:00,530
537,アウトドア用,2019-12-3 12:00:00,2019-12-4 12:00:00,530
538,パソコン用,2019-12-3 12:00:00,2019-12-4 12:00:00,530
539,事務机/学習机,2019-12-3 12:00:00,2019-12-4 12:00:00,530
540,その他,2019-12-3 12:00:00,2019-12-4 12:00:00,530
541,収納家具,2019-12-3 12:00:00,2019-12-4 12:00:00,478
542,リビング収納,2019-12-3 12:00:00,2019-12-4 12:00:00,541
543,キッチン収納,2019-12-3 12:00:00,2019-12-4 12:00:00,541
544,玄関/屋外収納,2019-12-3 12:00:00,2019-12-4 12:00:00,541
545,バス/トイレ収納,2019-12-3 12:00:00,2019-12-4 12:00:00,541
546,本収納,2019-12-3 12:00:00,2019-12-4 12:00:00,541
547,本/CD/DVD収納,2019-12-3 12:00:00,2019-12-4 12:00:00,541
548,洋服タンス/押入れ収納,2019-12-3 12:00:00,2019-12-4 12:00:00,541
549,電話台/ファックス台,2019-12-3 12:00:00,2019-12-4 12:00:00,541
550,ドレッサー/鏡台,2019-12-3 12:00:00,2019-12-4 12:00:00,541
551,棚/ラック,2019-12-3 12:00:00,2019-12-4 12:00:00,541
552,ケース/ボックス,2019-12-3 12:00:00,2019-12-4 12:00:00,541
553,その他,2019-12-3 12:00:00,2019-12-4 12:00:00,541
554,ラグ/カーペット/マット,2019-12-3 12:00:00,2019-12-4 12:00:00,478
555,ラグ,2019-12-3 12:00:00,2019-12-4 12:00:00,555
556,カーペット,2019-12-3 12:00:00,2019-12-4 12:00:00,555
557,ホットカーペット,2019-12-3 12:00:00,2019-12-4 12:00:00,555
558,玄関/キッチンマット,2019-12-3 12:00:00,2019-12-4 12:00:00,555
559,トイレ/バスマット,2019-12-3 12:00:00,2019-12-4 12:00:00,555
560,その他,2019-12-3 12:00:00,2019-12-4 12:00:00,555
561,カーテン/ブラインド,2019-12-3 12:00:00,2019-12-4 12:00:00,478
562,カーテン,2019-12-3 12:00:00,2019-12-4 12:00:00,561
563,ブラインド,2019-12-3 12:00:00,2019-12-4 12:00:00,561
564,ロールスクリーン,2019-12-3 12:00:00,2019-12-4 12:00:00,561
565,のれん,2019-12-3 12:00:00,2019-12-4 12:00:00,561
566,その他,2019-12-3 12:00:00,2019-12-4 12:00:00,561
567,ライト/照明,2019-12-3 12:00:00,2019-12-4 12:00:00,478
568,蛍光灯/電球,2019-12-3 12:00:00,2019-12-4 12:00:00,567
569,天井照明,2019-12-3 12:00:00,2019-12-4 12:00:00,567
570,フロアスタンド,2019-12-3 12:00:00,2019-12-4 12:00:00,567
571,その他,2019-12-3 12:00:00,2019-12-4 12:00:00,567
572,寝具,2019-12-3 12:00:00,2019-12-4 12:00:00,478
573,布団/毛布,2019-12-3 12:00:00,2019-12-4 12:00:00,572
574,枕,2019-12-3 12:00:00,2019-12-4 12:00:00,572
575,シーツ/カバー,2019-12-3 12:00:00,2019-12-4 12:00:00,572
576,その他,2019-12-3 12:00:00,2019-12-4 12:00:00,572
577,インテリア/小物,2019-12-3 12:00:00,2019-12-4 12:00:00,478
578,ごみ箱,2019-12-3 12:00:00,2019-12-4 12:00:00,577
579,ウェルカムボード,2019-12-3 12:00:00,2019-12-4 12:00:00,577
580,オルゴール,2019-12-3 12:00:00,2019-12-4 12:00:00,577
581,クッション,2019-12-3 12:00:00,2019-12-4 12:00:00,577
582,クッションカバー,2019-12-3 12:00:00,2019-12-4 12:00:00,577
583,スリッパラック,2019-12-3 12:00:00,2019-12-4 12:00:00,577
584,ティッシュボックス,2019-12-3 12:00:00,2019-12-4 12:00:00,577
585,バスケット/かご,2019-12-3 12:00:00,2019-12-4 12:00:00,577
586,フォトフレーム,2019-12-3 12:00:00,2019-12-4 12:00:00,577
587,マガジンラック,2019-12-3 12:00:00,2019-12-4 12:00:00,577
588,モビール,2019-12-3 12:00:00,2019-12-4 12:00:00,577
589,花瓶,2019-12-3 12:00:00,2019-12-4 12:00:00,577
590,灰皿,2019-12-3 12:00:00,2019-12-4 12:00:00,577
591,傘立て,2019-12-3 12:00:00,2019-12-4 12:00:00,577
592,小物入れ,2019-12-3 12:00:00,2019-12-4 12:00:00,577
593,置時計,2019-12-3 12:00:00,2019-12-4 12:00:00,577
594,掛時計/柱時計,2019-12-3 12:00:00,2019-12-4 12:00:00,577
595,鏡(立て掛け式),2019-12-3 12:00:00,2019-12-4 12:00:00,577
596,鏡(壁掛け式),2019-12-3 12:00:00,2019-12-4 12:00:00,577
597,置物,2019-12-3 12:00:00,2019-12-4 12:00:00,577
598,風鈴,2019-12-3 12:00:00,2019-12-4 12:00:00,577
599,植物/観葉植物,2019-12-3 12:00:00,2019-12-4 12:00:00,577
600,その他,2019-12-3 12:00:00,2019-12-4 12:00:00,577
601,季節/年中行事,2019-12-3 12:00:00,2019-12-4 12:00:00,478
602,正月,2019-12-3 12:00:00,2019-12-4 12:00:00,601
603,成人式,2019-12-3 12:00:00,2019-12-4 12:00:00,601
604,バレンタインデー,2019-12-3 12:00:00,2019-12-4 12:00:00,601
605,ひな祭り,2019-12-3 12:00:00,2019-12-4 12:00:00,601
606,子どもの日,2019-12-3 12:00:00,2019-12-4 12:00:00,601
607,母の日,2019-12-3 12:00:00,2019-12-4 12:00:00,601
608,父の日,2019-12-3 12:00:00,2019-12-4 12:00:00,601
609,サマーギフト/お中元,2019-12-3 12:00:00,2019-12-4 12:00:00,601
610,夏/夏休み,2019-12-3 12:00:00,2019-12-4 12:00:00,601
611,ハロウィン,2019-12-3 12:00:00,2019-12-4 12:00:00,601
612,敬老の日,2019-12-3 12:00:00,2019-12-4 12:00:00,601
613,七五三,2019-12-3 12:00:00,2019-12-4 12:00:00,601
614,お歳暮,2019-12-3 12:00:00,2019-12-4 12:00:00,601
615,クリスマス,2019-12-3 12:00:00,2019-12-4 12:00:00,601
616,冬一般,2019-12-3 12:00:00,2019-12-4 12:00:00,601
617,その他,2019-12-3 12:00:00,2019-12-4 12:00:00,601
618,その他,2019-12-3 12:00:00,2019-12-4 12:00:00,478
619,本・音楽・ゲーム,2019-12-3 12:00:00,2019-12-4 12:00:00,
620,本,2019-12-3 12:00:00,2019-12-4 12:00:00,619
621,文学/小説,2019-12-3 12:00:00,2019-12-4 12:00:00,620
622,人文/社会,2019-12-3 12:00:00,2019-12-4 12:00:00,620
623,ノンフィクション/教養,2019-12-3 12:00:00,2019-12-4 12:00:00,620
624,地図/旅行ガイド,2019-12-3 12:00:00,2019-12-4 12:00:00,620
625,ビジネス/経済,2019-12-3 12:00:00,2019-12-4 12:00:00,620
626,健康/医学,2019-12-3 12:00:00,2019-12-4 12:00:00,620
627,コンピュータ/IT,2019-12-3 12:00:00,2019-12-4 12:00:00,620
628,趣味/スポーツ/実用,2019-12-3 12:00:00,2019-12-4 12:00:00,620
629,住まい/暮らし/子育て,2019-12-3 12:00:00,2019-12-4 12:00:00,620
630,アート/エンタメ,2019-12-3 12:00:00,2019-12-4 12:00:00,620
631,洋書,2019-12-3 12:00:00,2019-12-4 12:00:00,620
632,絵本,2019-12-3 12:00:00,2019-12-4 12:00:00,620
633,参考書,2019-12-3 12:00:00,2019-12-4 12:00:00,620
634,その他,2019-12-3 12:00:00,2019-12-4 12:00:00,620
635,漫画,2019-12-3 12:00:00,2019-12-4 12:00:00,619
636,全巻セット,2019-12-3 12:00:00,2019-12-4 12:00:00,635
637,少年漫画,2019-12-3 12:00:00,2019-12-4 12:00:00,635
638,少女漫画,2019-12-3 12:00:00,2019-12-4 12:00:00,635
639,青年漫画,2019-12-3 12:00:00,2019-12-4 12:00:00,635
640,女性漫画,2019-12-3 12:00:00,2019-12-4 12:00:00,635
641,同人誌,2019-12-3 12:00:00,2019-12-4 12:00:00,635
642,その他,2019-12-3 12:00:00,2019-12-4 12:00:00,635
643,雑誌,2019-12-3 12:00:00,2019-12-4 12:00:00,619
644,アート/エンタメ/ホビー,2019-12-3 12:00:00,2019-12-4 12:00:00,643
645,ファッション,2019-12-3 12:00:00,2019-12-4 12:00:00,643
646,ニュース/総合,2019-12-3 12:00:00,2019-12-4 12:00:00,643
647,趣味/スポーツ,2019-12-3 12:00:00,2019-12-4 12:00:00,643
648,その他,2019-12-3 12:00:00,2019-12-4 12:00:00,643
649,CD,2019-12-3 12:00:00,2019-12-4 12:00:00,619
650,邦楽,2019-12-3 12:00:00,2019-12-4 12:00:00,650
651,洋楽,2019-12-3 12:00:00,2019-12-4 12:00:00,650
652,アニメ,2019-12-3 12:00:00,2019-12-4 12:00:00,650
653,クラシック,2019-12-3 12:00:00,2019-12-4 12:00:00,650
654,K-POP/アジア,2019-12-3 12:00:00,2019-12-4 12:00:00,650
655,キッズ/ファミリー,2019-12-3 12:00:00,2019-12-4 12:00:00,650
656,その他,2019-12-3 12:00:00,2019-12-4 12:00:00,650
657,DVD/ブルーレイ,2019-12-3 12:00:00,2019-12-4 12:00:00,619
658,外国映画,2019-12-3 12:00:00,2019-12-4 12:00:00,657
659,日本映画,2019-12-3 12:00:00,2019-12-4 12:00:00,657
660,アニメ,2019-12-3 12:00:00,2019-12-4 12:00:00,657
661,TVドラマ,2019-12-3 12:00:00,2019-12-4 12:00:00,657
662,ミュージック,2019-12-3 12:00:00,2019-12-4 12:00:00,657
663,お笑い/バラエティ,2019-12-3 12:00:00,2019-12-4 12:00:00,657
664,スポーツ/フィットネス,2019-12-3 12:00:00,2019-12-4 12:00:00,657
665,キッズ/ファミリー,2019-12-3 12:00:00,2019-12-4 12:00:00,657
666,その他,2019-12-3 12:00:00,2019-12-4 12:00:00,657
667,レコード,2019-12-3 12:00:00,2019-12-4 12:00:00,619
668,邦楽,2019-12-3 12:00:00,2019-12-4 12:00:00,667
669,洋楽,2019-12-3 12:00:00,2019-12-4 12:00:00,667
670,その他,2019-12-3 12:00:00,2019-12-4 12:00:00,667
671,テレビゲーム,2019-12-3 12:00:00,2019-12-4 12:00:00,619
672,家庭用ゲーム本体,2019-12-3 12:00:00,2019-12-4 12:00:00,671
673,家庭用ゲームソフト,2019-12-3 12:00:00,2019-12-4 12:00:00,671
674,携帯用ゲーム本体,2019-12-3 12:00:00,2019-12-4 12:00:00,671
675,携帯用ゲームソフト,2019-12-3 12:00:00,2019-12-4 12:00:00,671
676,PCゲーム,2019-12-3 12:00:00,2019-12-4 12:00:00,671
677,その他,2019-12-3 12:00:00,2019-12-4 12:00:00,671
678,おもちゃ・ホビー・グッズ,2019-12-3 12:00:00,2019-12-4 12:00:00,
679,おもちゃ,2019-12-3 12:00:00,2019-12-4 12:00:00,678
680,キャラクターグッズ,2019-12-3 12:00:00,2019-12-4 12:00:00,679
681,ぬいぐるみ,2019-12-3 12:00:00,2019-12-4 12:00:00,679
682,小物/アクセサリー,2019-12-3 12:00:00,2019-12-4 12:00:00,679
683,模型/プラモデル,2019-12-3 12:00:00,2019-12-4 12:00:00,679
684,ミニカー,2019-12-3 12:00:00,2019-12-4 12:00:00,679
685,トイラジコン,2019-12-3 12:00:00,2019-12-4 12:00:00,679
686,プラモデル,2019-12-3 12:00:00,2019-12-4 12:00:00,679
687,ホビーラジコン,2019-12-3 12:00:00,2019-12-4 12:00:00,679
688,鉄道模型,2019-12-3 12:00:00,2019-12-4 12:00:00,679
689,その他,2019-12-3 12:00:00,2019-12-4 12:00:00,679
690,タレントグッズ,2019-12-3 12:00:00,2019-12-4 12:00:00,678
691,アイドル,2019-12-3 12:00:00,2019-12-4 12:00:00,691
692,ミュージシャン,2019-12-3 12:00:00,2019-12-4 12:00:00,691
693,タレント/お笑い芸人,2019-12-3 12:00:00,2019-12-4 12:00:00,691
694,スポーツ選手,2019-12-3 12:00:00,2019-12-4 12:00:00,691
695,その他,2019-12-3 12:00:00,2019-12-4 12:00:00,691
696,コミック/アニメグッズ,2019-12-3 12:00:00,2019-12-4 12:00:00,678
697,ストラップ,2019-12-3 12:00:00,2019-12-4 12:00:00,696
698,キーホルダー,2019-12-3 12:00:00,2019-12-4 12:00:00,696
699,バッジ,2019-12-3 12:00:00,2019-12-4 12:00:00,696
700,カード,2019-12-3 12:00:00,2019-12-4 12:00:00,696
701,クリアファイル,2019-12-3 12:00:00,2019-12-4 12:00:00,696
702,ポスター,2019-12-3 12:00:00,2019-12-4 12:00:00,696
703,タオル,2019-12-3 12:00:00,2019-12-4 12:00:00,696
704,その他,2019-12-3 12:00:00,2019-12-4 12:00:00,696
705,トレーディングカード,2019-12-3 12:00:00,2019-12-4 12:00:00,678
706,遊戯王,2019-12-3 12:00:00,2019-12-4 12:00:00,705
707,マジック：ザ・ギャザリング,2019-12-3 12:00:00,2019-12-4 12:00:00,705
708,ポケモンカードゲーム,2019-12-3 12:00:00,2019-12-4 12:00:00,705
709,デュエルマスターズ,2019-12-3 12:00:00,2019-12-4 12:00:00,705
710,バトルスピリッツ,2019-12-3 12:00:00,2019-12-4 12:00:00,705
711,プリパラ,2019-12-3 12:00:00,2019-12-4 12:00:00,705
712,アイカツ,2019-12-3 12:00:00,2019-12-4 12:00:00,705
713,カードファイト!! ヴァンガード,2019-12-3 12:00:00,2019-12-4 12:00:00,705
714,ヴァイスシュヴァルツ,2019-12-3 12:00:00,2019-12-4 12:00:00,705
715,プロ野球オーナーズリーグ,2019-12-3 12:00:00,2019-12-4 12:00:00,705
716,ベースボールヒーローズ,2019-12-3 12:00:00,2019-12-4 12:00:00,705
717,ドラゴンボール,2019-12-3 12:00:00,2019-12-4 12:00:00,705
718,スリーブ,2019-12-3 12:00:00,2019-12-4 12:00:00,705
719,その他,2019-12-3 12:00:00,2019-12-4 12:00:00,705
720,フィギュア,2019-12-3 12:00:00,2019-12-4 12:00:00,678
721,コミック/アニメ,2019-12-3 12:00:00,2019-12-4 12:00:00,720
722,特撮,2019-12-3 12:00:00,2019-12-4 12:00:00,720
723,ゲームキャラクター,2019-12-3 12:00:00,2019-12-4 12:00:00,720
724,SF/ファンタジー/ホラー,2019-12-3 12:00:00,2019-12-4 12:00:00,720
725,アメコミ,2019-12-3 12:00:00,2019-12-4 12:00:00,720
726,スポーツ,2019-12-3 12:00:00,2019-12-4 12:00:00,720
727,ミリタリー,2019-12-3 12:00:00,2019-12-4 12:00:00,720
728,その他,2019-12-3 12:00:00,2019-12-4 12:00:00,720
729,楽器/器材,2019-12-3 12:00:00,2019-12-4 12:00:00,678
730,エレキギター,2019-12-3 12:00:00,2019-12-4 12:00:00,730
731,アコースティックギター,2019-12-3 12:00:00,2019-12-4 12:00:00,730
732,ベース,2019-12-3 12:00:00,2019-12-4 12:00:00,730
733,エフェクター,2019-12-3 12:00:00,2019-12-4 12:00:00,730
734,アンプ,2019-12-3 12:00:00,2019-12-4 12:00:00,730
735,弦楽器,2019-12-3 12:00:00,2019-12-4 12:00:00,730
736,管楽器,2019-12-3 12:00:00,2019-12-4 12:00:00,730
737,鍵盤楽器,2019-12-3 12:00:00,2019-12-4 12:00:00,730
738,打楽器,2019-12-3 12:00:00,2019-12-4 12:00:00,730
739,和楽器,2019-12-3 12:00:00,2019-12-4 12:00:00,730
740,楽譜/スコア,2019-12-3 12:00:00,2019-12-4 12:00:00,730
741,レコーディング/PA機器,2019-12-3 12:00:00,2019-12-4 12:00:00,730
742,DJ機器,2019-12-3 12:00:00,2019-12-4 12:00:00,730
743,DTM/DAW,2019-12-3 12:00:00,2019-12-4 12:00:00,730
744,その他,2019-12-3 12:00:00,2019-12-4 12:00:00,730
745,コレクション,2019-12-3 12:00:00,2019-12-4 12:00:00,678
746,武具,2019-12-3 12:00:00,2019-12-4 12:00:00,745
747,使用済切手/官製はがき,2019-12-3 12:00:00,2019-12-4 12:00:00,745
748,旧貨幣/金貨/銀貨/記念硬貨,2019-12-3 12:00:00,2019-12-4 12:00:00,745
749,印刷物,2019-12-3 12:00:00,2019-12-4 12:00:00,745
750,ノベルティグッズ,2019-12-3 12:00:00,2019-12-4 12:00:00,745
751,その他,2019-12-3 12:00:00,2019-12-4 12:00:00,745
752,ミリタリー,2019-12-3 12:00:00,2019-12-4 12:00:00,678
753,トイガン,2019-12-3 12:00:00,2019-12-4 12:00:00,752
754,個人装備,2019-12-3 12:00:00,2019-12-4 12:00:00,752
755,その他,2019-12-3 12:00:00,2019-12-4 12:00:00,752
756,美術品,2019-12-3 12:00:00,2019-12-4 12:00:00,678
757,陶芸,2019-12-3 12:00:00,2019-12-4 12:00:00,756
758,ガラス,2019-12-3 12:00:00,2019-12-4 12:00:00,756
759,漆芸,2019-12-3 12:00:00,2019-12-4 12:00:00,756
760,金属工芸,2019-12-3 12:00:00,2019-12-4 12:00:00,756
761,絵画/タペストリ,2019-12-3 12:00:00,2019-12-4 12:00:00,756
762,版画,2019-12-3 12:00:00,2019-12-4 12:00:00,756
763,彫刻/オブジェクト,2019-12-3 12:00:00,2019-12-4 12:00:00,756
764,書,2019-12-3 12:00:00,2019-12-4 12:00:00,756
765,写真,2019-12-3 12:00:00,2019-12-4 12:00:00,756
766,その他,2019-12-3 12:00:00,2019-12-4 12:00:00,756
767,アート用品,2019-12-3 12:00:00,2019-12-4 12:00:00,678
768,画材,2019-12-3 12:00:00,2019-12-4 12:00:00,767
769,額縁,2019-12-3 12:00:00,2019-12-4 12:00:00,767
770,その他,2019-12-3 12:00:00,2019-12-4 12:00:00,767
771,その他,2019-12-3 12:00:00,2019-12-4 12:00:00,678
772,トランプ/UNO,2019-12-3 12:00:00,2019-12-4 12:00:00,771
773,カルタ/百人一首,2019-12-3 12:00:00,2019-12-4 12:00:00,771
774,ダーツ,2019-12-3 12:00:00,2019-12-4 12:00:00,771
775,ビリヤード,2019-12-3 12:00:00,2019-12-4 12:00:00,771
776,麻雀,2019-12-3 12:00:00,2019-12-4 12:00:00,771
777,パズル/ジグソーパズル,2019-12-3 12:00:00,2019-12-4 12:00:00,771
778,囲碁/将棋,2019-12-3 12:00:00,2019-12-4 12:00:00,771
779,オセロ/チェス,2019-12-3 12:00:00,2019-12-4 12:00:00,771
780,人生ゲーム,2019-12-3 12:00:00,2019-12-4 12:00:00,771
781,野球/サッカーゲーム,2019-12-3 12:00:00,2019-12-4 12:00:00,771
782,スポーツ,2019-12-3 12:00:00,2019-12-4 12:00:00,771
783,三輪車/乗り物,2019-12-3 12:00:00,2019-12-4 12:00:00,771
784,ヨーヨー,2019-12-3 12:00:00,2019-12-4 12:00:00,771
785,模型製作用品,2019-12-3 12:00:00,2019-12-4 12:00:00,771
786,鉄道,2019-12-3 12:00:00,2019-12-4 12:00:00,771
787,航空機,2019-12-3 12:00:00,2019-12-4 12:00:00,771
788,アマチュア無線,2019-12-3 12:00:00,2019-12-4 12:00:00,771
789,パチンコ/パチスロ,2019-12-3 12:00:00,2019-12-4 12:00:00,771
790,その他,2019-12-3 12:00:00,2019-12-4 12:00:00,771
791,コスメ・香水・美容,2019-12-3 12:00:00,2019-12-4 12:00:00,
792,ベースメイク,2019-12-3 12:00:00,2019-12-4 12:00:00,791
793,ファンデーション,2019-12-3 12:00:00,2019-12-4 12:00:00,792
794,化粧下地,2019-12-3 12:00:00,2019-12-4 12:00:00,792
795,コントロールカラー,2019-12-3 12:00:00,2019-12-4 12:00:00,792
796,BBクリーム,2019-12-3 12:00:00,2019-12-4 12:00:00,792
797,CCクリーム,2019-12-3 12:00:00,2019-12-4 12:00:00,792
798,コンシーラー,2019-12-3 12:00:00,2019-12-4 12:00:00,792
799,フェイスパウダー,2019-12-3 12:00:00,2019-12-4 12:00:00,792
800,トライアルセット/サンプル,2019-12-3 12:00:00,2019-12-4 12:00:00,792
801,その他,2019-12-3 12:00:00,2019-12-4 12:00:00,792
802,メイクアップ,2019-12-3 12:00:00,2019-12-4 12:00:00,791
803,アイシャドウ,2019-12-3 12:00:00,2019-12-4 12:00:00,802
804,口紅,2019-12-3 12:00:00,2019-12-4 12:00:00,802
805,リップグロス,2019-12-3 12:00:00,2019-12-4 12:00:00,802
806,リップライナー,2019-12-3 12:00:00,2019-12-4 12:00:00,802
807,チーク,2019-12-3 12:00:00,2019-12-4 12:00:00,802
808,フェイスカラー,2019-12-3 12:00:00,2019-12-4 12:00:00,802
809,マスカラ,2019-12-3 12:00:00,2019-12-4 12:00:00,802
810,アイライナー,2019-12-3 12:00:00,2019-12-4 12:00:00,802
811,つけまつげ,2019-12-3 12:00:00,2019-12-4 12:00:00,802
812,アイブロウペンシル,2019-12-3 12:00:00,2019-12-4 12:00:00,802
813,パウダーアイブロウ,2019-12-3 12:00:00,2019-12-4 12:00:00,802
814,眉マスカラ,2019-12-3 12:00:00,2019-12-4 12:00:00,802
815,トライアルセット/サンプル,2019-12-3 12:00:00,2019-12-4 12:00:00,802
816,メイク道具/化粧小物,2019-12-3 12:00:00,2019-12-4 12:00:00,802
817,美顔用品/美顔ローラー,2019-12-3 12:00:00,2019-12-4 12:00:00,802
818,その他,2019-12-3 12:00:00,2019-12-4 12:00:00,802
819,ネイルケア,2019-12-3 12:00:00,2019-12-4 12:00:00,791
820,ネイルカラー,2019-12-3 12:00:00,2019-12-4 12:00:00,819
821,カラージェル,2019-12-3 12:00:00,2019-12-4 12:00:00,819
822,ネイルベースコート/トップコート,2019-12-3 12:00:00,2019-12-4 12:00:00,819
823,ネイルアート用品,2019-12-3 12:00:00,2019-12-4 12:00:00,819
824,ネイルパーツ,2019-12-3 12:00:00,2019-12-4 12:00:00,819
825,ネイルチップ/付け爪,2019-12-3 12:00:00,2019-12-4 12:00:00,819
826,手入れ用具,2019-12-3 12:00:00,2019-12-4 12:00:00,819
827,除光液,2019-12-3 12:00:00,2019-12-4 12:00:00,819
828,その他,2019-12-3 12:00:00,2019-12-4 12:00:00,819
829,香水,2019-12-3 12:00:00,2019-12-4 12:00:00,791
830,香水(女性用),2019-12-3 12:00:00,2019-12-4 12:00:00,829
831,香水(男性用),2019-12-3 12:00:00,2019-12-4 12:00:00,829
832,ユニセックス,2019-12-3 12:00:00,2019-12-4 12:00:00,829
833,ボディミスト,2019-12-3 12:00:00,2019-12-4 12:00:00,829
834,その他,2019-12-3 12:00:00,2019-12-4 12:00:00,829
835,スキンケア/基礎化粧品,2019-12-3 12:00:00,2019-12-4 12:00:00,791
836,化粧水/ローション,2019-12-3 12:00:00,2019-12-4 12:00:00,835
837,乳液/ミルク,2019-12-3 12:00:00,2019-12-4 12:00:00,835
838,美容液,2019-12-3 12:00:00,2019-12-4 12:00:00,835
839,フェイスクリーム,2019-12-3 12:00:00,2019-12-4 12:00:00,835
840,洗顔料,2019-12-3 12:00:00,2019-12-4 12:00:00,835
841,クレンジング/メイク落とし,2019-12-3 12:00:00,2019-12-4 12:00:00,835
842,パック/フェイスマスク,2019-12-3 12:00:00,2019-12-4 12:00:00,835
843,ジェル/ゲル,2019-12-3 12:00:00,2019-12-4 12:00:00,835
844,ブースター/導入液,2019-12-3 12:00:00,2019-12-4 12:00:00,835
845,アイケア,2019-12-3 12:00:00,2019-12-4 12:00:00,835
846,リップケア,2019-12-3 12:00:00,2019-12-4 12:00:00,835
847,トライアルセット/サンプル,2019-12-3 12:00:00,2019-12-4 12:00:00,835
848,洗顔グッズ,2019-12-3 12:00:00,2019-12-4 12:00:00,835
849,その他,2019-12-3 12:00:00,2019-12-4 12:00:00,835
850,ヘアケア,2019-12-3 12:00:00,2019-12-4 12:00:00,791
851,シャンプー,2019-12-3 12:00:00,2019-12-4 12:00:00,850
852,トリートメント,2019-12-3 12:00:00,2019-12-4 12:00:00,850
853,コンディショナー,2019-12-3 12:00:00,2019-12-4 12:00:00,850
854,リンス,2019-12-3 12:00:00,2019-12-4 12:00:00,850
855,スタイリング剤,2019-12-3 12:00:00,2019-12-4 12:00:00,850
856,カラーリング剤,2019-12-3 12:00:00,2019-12-4 12:00:00,850
857,ブラシ,2019-12-3 12:00:00,2019-12-4 12:00:00,850
858,その他,2019-12-3 12:00:00,2019-12-4 12:00:00,850
859,ボディケア,2019-12-3 12:00:00,2019-12-4 12:00:00,791
860,オイル/クリーム,2019-12-3 12:00:00,2019-12-4 12:00:00,859
861,ハンドクリーム,2019-12-3 12:00:00,2019-12-4 12:00:00,859
862,ローション,2019-12-3 12:00:00,2019-12-4 12:00:00,859
863,日焼け止め/サンオイル,2019-12-3 12:00:00,2019-12-4 12:00:00,859
864,ボディソープ,2019-12-3 12:00:00,2019-12-4 12:00:00,859
865,入浴剤,2019-12-3 12:00:00,2019-12-4 12:00:00,859
866,制汗/デオドラント,2019-12-3 12:00:00,2019-12-4 12:00:00,859
867,フットケア,2019-12-3 12:00:00,2019-12-4 12:00:00,859
868,その他,2019-12-3 12:00:00,2019-12-4 12:00:00,859
869,オーラルケア,2019-12-3 12:00:00,2019-12-4 12:00:00,791
870,口臭防止/エチケット用品,2019-12-3 12:00:00,2019-12-4 12:00:00,869
871,歯ブラシ,2019-12-3 12:00:00,2019-12-4 12:00:00,869
872,その他,2019-12-3 12:00:00,2019-12-4 12:00:00,869
873,リラクゼーション,2019-12-3 12:00:00,2019-12-4 12:00:00,791
874,エッセンシャルオイル,2019-12-3 12:00:00,2019-12-4 12:00:00,873
875,芳香器,2019-12-3 12:00:00,2019-12-4 12:00:00,873
876,お香/香炉,2019-12-3 12:00:00,2019-12-4 12:00:00,873
877,キャンドル,2019-12-3 12:00:00,2019-12-4 12:00:00,873
878,リラクゼーショングッズ,2019-12-3 12:00:00,2019-12-4 12:00:00,873
879,その他,2019-12-3 12:00:00,2019-12-4 12:00:00,873
880,ダイエット,2019-12-3 12:00:00,2019-12-4 12:00:00,791
881,ダイエット食品,2019-12-3 12:00:00,2019-12-4 12:00:00,880
882,エクササイズ用品,2019-12-3 12:00:00,2019-12-4 12:00:00,880
883,体重計,2019-12-3 12:00:00,2019-12-4 12:00:00,880
884,体脂肪計,2019-12-3 12:00:00,2019-12-4 12:00:00,880
885,その他,2019-12-3 12:00:00,2019-12-4 12:00:00,880
886,その他,2019-12-3 12:00:00,2019-12-4 12:00:00,791
887,健康用品,2019-12-3 12:00:00,2019-12-4 12:00:00,886
888,看護/介護用品,2019-12-3 12:00:00,2019-12-4 12:00:00,886
889,救急/衛生用品,2019-12-3 12:00:00,2019-12-4 12:00:00,886
890,その他,2019-12-3 12:00:00,2019-12-4 12:00:00,886
891,家電・スマホ・カメラ,2019-12-3 12:00:00,2019-12-4 12:00:00,
892,スマートフォン/携帯電話,2019-12-3 12:00:00,2019-12-4 12:00:00,891
893,スマートフォン本体,2019-12-3 12:00:00,2019-12-4 12:00:00,892
894,バッテリー/充電器,2019-12-3 12:00:00,2019-12-4 12:00:00,892
895,携帯電話本体,2019-12-3 12:00:00,2019-12-4 12:00:00,892
896,PHS本体,2019-12-3 12:00:00,2019-12-4 12:00:00,892
897,その他,2019-12-3 12:00:00,2019-12-4 12:00:00,892
898,スマホアクセサリー,2019-12-3 12:00:00,2019-12-4 12:00:00,891
899,Android用ケース,2019-12-3 12:00:00,2019-12-4 12:00:00,898
900,iPhone用ケース,2019-12-3 12:00:00,2019-12-4 12:00:00,898
901,カバー,2019-12-3 12:00:00,2019-12-4 12:00:00,898
902,イヤホンジャック,2019-12-3 12:00:00,2019-12-4 12:00:00,898
903,ストラップ,2019-12-3 12:00:00,2019-12-4 12:00:00,898
904,フィルム,2019-12-3 12:00:00,2019-12-4 12:00:00,898
905,自撮り棒,2019-12-3 12:00:00,2019-12-4 12:00:00,898
906,その他,2019-12-3 12:00:00,2019-12-4 12:00:00,898
907,PC/タブレット,2019-12-3 12:00:00,2019-12-4 12:00:00,891
908,タブレット,2019-12-3 12:00:00,2019-12-4 12:00:00,907
909,ノートPC,2019-12-3 12:00:00,2019-12-4 12:00:00,907
910,デスクトップ型PC,2019-12-3 12:00:00,2019-12-4 12:00:00,907
911,ディスプレイ,2019-12-3 12:00:00,2019-12-4 12:00:00,907
912,電子ブックリーダー,2019-12-3 12:00:00,2019-12-4 12:00:00,907
913,PC周辺機器,2019-12-3 12:00:00,2019-12-4 12:00:00,907
914,PCパーツ,2019-12-3 12:00:00,2019-12-4 12:00:00,907
915,その他,2019-12-3 12:00:00,2019-12-4 12:00:00,907
916,カメラ,2019-12-3 12:00:00,2019-12-4 12:00:00,891
917,デジタルカメラ,2019-12-3 12:00:00,2019-12-4 12:00:00,916
918,ビデオカメラ,2019-12-3 12:00:00,2019-12-4 12:00:00,916
919,レンズ(単焦点),2019-12-3 12:00:00,2019-12-4 12:00:00,916
920,レンズ(ズーム),2019-12-3 12:00:00,2019-12-4 12:00:00,916
921,フィルムカメラ,2019-12-3 12:00:00,2019-12-4 12:00:00,916
922,防犯カメラ,2019-12-3 12:00:00,2019-12-4 12:00:00,916
923,その他,2019-12-3 12:00:00,2019-12-4 12:00:00,916
924,テレビ/映像機器,2019-12-3 12:00:00,2019-12-4 12:00:00,891
925,テレビ,2019-12-3 12:00:00,2019-12-4 12:00:00,924
926,プロジェクター,2019-12-3 12:00:00,2019-12-4 12:00:00,924
927,ブルーレイレコーダー,2019-12-3 12:00:00,2019-12-4 12:00:00,924
928,DVDレコーダー,2019-12-3 12:00:00,2019-12-4 12:00:00,924
929,ブルーレイプレーヤー,2019-12-3 12:00:00,2019-12-4 12:00:00,924
930,DVDプレーヤー,2019-12-3 12:00:00,2019-12-4 12:00:00,924
931,映像用ケーブル,2019-12-3 12:00:00,2019-12-4 12:00:00,924
932,その他,2019-12-3 12:00:00,2019-12-4 12:00:00,924
933,オーディオ機器,2019-12-3 12:00:00,2019-12-4 12:00:00,891
934,ポータブルプレーヤー,2019-12-3 12:00:00,2019-12-4 12:00:00,933
935,イヤフォン,2019-12-3 12:00:00,2019-12-4 12:00:00,933
936,ヘッドフォン,2019-12-3 12:00:00,2019-12-4 12:00:00,933
937,アンプ,2019-12-3 12:00:00,2019-12-4 12:00:00,933
938,スピーカー,2019-12-3 12:00:00,2019-12-4 12:00:00,933
939,ケーブル/シールド,2019-12-3 12:00:00,2019-12-4 12:00:00,933
940,ラジオ,2019-12-3 12:00:00,2019-12-4 12:00:00,933
941,その他,2019-12-3 12:00:00,2019-12-4 12:00:00,933
942,美容/健康,2019-12-3 12:00:00,2019-12-4 12:00:00,891
943,ヘアドライヤー,2019-12-3 12:00:00,2019-12-4 12:00:00,942
944,ヘアアイロン,2019-12-3 12:00:00,2019-12-4 12:00:00,942
945,美容機器,2019-12-3 12:00:00,2019-12-4 12:00:00,942
946,電気シェーバー,2019-12-3 12:00:00,2019-12-4 12:00:00,942
947,電動歯ブラシ,2019-12-3 12:00:00,2019-12-4 12:00:00,942
948,その他,2019-12-3 12:00:00,2019-12-4 12:00:00,942
949,冷暖房/空調,2019-12-3 12:00:00,2019-12-4 12:00:00,891
950,エアコン,2019-12-3 12:00:00,2019-12-4 12:00:00,949
951,空気清浄器,2019-12-3 12:00:00,2019-12-4 12:00:00,949
952,加湿器,2019-12-3 12:00:00,2019-12-4 12:00:00,949
953,扇風機,2019-12-3 12:00:00,2019-12-4 12:00:00,949
954,除湿機,2019-12-3 12:00:00,2019-12-4 12:00:00,949
955,ファンヒーター,2019-12-3 12:00:00,2019-12-4 12:00:00,949
956,電気ヒーター,2019-12-3 12:00:00,2019-12-4 12:00:00,949
957,オイルヒーター,2019-12-3 12:00:00,2019-12-4 12:00:00,949
958,ストーブ,2019-12-3 12:00:00,2019-12-4 12:00:00,949
959,ホットカーペット,2019-12-3 12:00:00,2019-12-4 12:00:00,949
960,こたつ,2019-12-3 12:00:00,2019-12-4 12:00:00,949
961,電気毛布,2019-12-3 12:00:00,2019-12-4 12:00:00,949
962,その他,2019-12-3 12:00:00,2019-12-4 12:00:00,949
963,生活家電,2019-12-3 12:00:00,2019-12-4 12:00:00,891
964,冷蔵庫,2019-12-3 12:00:00,2019-12-4 12:00:00,963
965,洗濯機,2019-12-3 12:00:00,2019-12-4 12:00:00,963
966,炊飯器,2019-12-3 12:00:00,2019-12-4 12:00:00,963
967,電子レンジ/オーブン,2019-12-3 12:00:00,2019-12-4 12:00:00,963
968,調理機器,2019-12-3 12:00:00,2019-12-4 12:00:00,963
969,アイロン,2019-12-3 12:00:00,2019-12-4 12:00:00,963
970,掃除機,2019-12-3 12:00:00,2019-12-4 12:00:00,963
971,エスプレッソマシン,2019-12-3 12:00:00,2019-12-4 12:00:00,963
972,コーヒーメーカー,2019-12-3 12:00:00,2019-12-4 12:00:00,963
973,衣類乾燥機,2019-12-3 12:00:00,2019-12-4 12:00:00,963
974,その他,2019-12-3 12:00:00,2019-12-4 12:00:00,963
975,その他,2019-12-3 12:00:00,2019-12-4 12:00:00,891
976,その他,2019-12-3 12:00:00,2019-12-4 12:00:00,975
977,スポーツ・レジャー,2019-12-3 12:00:00,2019-12-4 12:00:00,
978,ゴルフ,2019-12-3 12:00:00,2019-12-4 12:00:00,977
979,クラブ,2019-12-3 12:00:00,2019-12-4 12:00:00,978
980,ウエア(男性用),2019-12-3 12:00:00,2019-12-4 12:00:00,978
981,ウエア(女性用),2019-12-3 12:00:00,2019-12-4 12:00:00,978
982,バッグ,2019-12-3 12:00:00,2019-12-4 12:00:00,978
983,シューズ(男性用),2019-12-3 12:00:00,2019-12-4 12:00:00,978
984,シューズ(女性用),2019-12-3 12:00:00,2019-12-4 12:00:00,978
985,アクセサリー,2019-12-3 12:00:00,2019-12-4 12:00:00,978
986,その他,2019-12-3 12:00:00,2019-12-4 12:00:00,978
987,フィッシング,2019-12-3 12:00:00,2019-12-4 12:00:00,977
988,ロッド,2019-12-3 12:00:00,2019-12-4 12:00:00,987
989,リール,2019-12-3 12:00:00,2019-12-4 12:00:00,987
990,ルアー用品,2019-12-3 12:00:00,2019-12-4 12:00:00,987
991,ウエア,2019-12-3 12:00:00,2019-12-4 12:00:00,987
992,釣り糸/ライン,2019-12-3 12:00:00,2019-12-4 12:00:00,987
993,その他,2019-12-3 12:00:00,2019-12-4 12:00:00,987
994,自転車,2019-12-3 12:00:00,2019-12-4 12:00:00,977
995,自転車本体,2019-12-3 12:00:00,2019-12-4 12:00:00,994
996,ウエア,2019-12-3 12:00:00,2019-12-4 12:00:00,994
997,パーツ,2019-12-3 12:00:00,2019-12-4 12:00:00,994
998,アクセサリー,2019-12-3 12:00:00,2019-12-4 12:00:00,994
999,バッグ,2019-12-3 12:00:00,2019-12-4 12:00:00,994
1000,工具/メンテナンス,2019-12-3 12:00:00,2019-12-4 12:00:00,994
1001,その他,2019-12-3 12:00:00,2019-12-4 12:00:00,994
1002,トレーニング/エクササイズ,2019-12-3 12:00:00,2019-12-4 12:00:00,977
1003,ランニング,2019-12-3 12:00:00,2019-12-4 12:00:00,1002
1004,ウォーキング,2019-12-3 12:00:00,2019-12-4 12:00:00,1002
1005,ヨガ,2019-12-3 12:00:00,2019-12-4 12:00:00,1002
1006,トレーニング用品,2019-12-3 12:00:00,2019-12-4 12:00:00,1002
1007,その他,2019-12-3 12:00:00,2019-12-4 12:00:00,1002
1008,野球,2019-12-3 12:00:00,2019-12-4 12:00:00,977
1009,ウェア,2019-12-3 12:00:00,2019-12-4 12:00:00,1008
1010,シューズ,2019-12-3 12:00:00,2019-12-4 12:00:00,1008
1011,グローブ,2019-12-3 12:00:00,2019-12-4 12:00:00,1008
1012,バット,2019-12-3 12:00:00,2019-12-4 12:00:00,1008
1013,アクセサリー,2019-12-3 12:00:00,2019-12-4 12:00:00,1008
1014,防具,2019-12-3 12:00:00,2019-12-4 12:00:00,1008
1015,練習機器,2019-12-3 12:00:00,2019-12-4 12:00:00,1008
1016,記念グッズ,2019-12-3 12:00:00,2019-12-4 12:00:00,1008
1017,応援グッズ,2019-12-3 12:00:00,2019-12-4 12:00:00,1008
1018,その他,2019-12-3 12:00:00,2019-12-4 12:00:00,1008
1019,サッカー/フットサル,2019-12-3 12:00:00,2019-12-4 12:00:00,977
1020,ウェア,2019-12-3 12:00:00,2019-12-4 12:00:00,1019
1021,シューズ,2019-12-3 12:00:00,2019-12-4 12:00:00,1019
1022,ボール,2019-12-3 12:00:00,2019-12-4 12:00:00,1019
1023,アクセサリー,2019-12-3 12:00:00,2019-12-4 12:00:00,1019
1024,記念グッズ,2019-12-3 12:00:00,2019-12-4 12:00:00,1019
1025,応援グッズ,2019-12-3 12:00:00,2019-12-4 12:00:00,1019
1026,その他,2019-12-3 12:00:00,2019-12-4 12:00:00,1019
1027,テニス,2019-12-3 12:00:00,2019-12-4 12:00:00,977
1028,ラケット(硬式用),2019-12-3 12:00:00,2019-12-4 12:00:00,1027
1029,ラケット(軟式用),2019-12-3 12:00:00,2019-12-4 12:00:00,1028
1030,ウェア,2019-12-3 12:00:00,2019-12-4 12:00:00,1028
1031,シューズ,2019-12-3 12:00:00,2019-12-4 12:00:00,1028
1032,ボール,2019-12-3 12:00:00,2019-12-4 12:00:00,1028
1033,アクセサリー,2019-12-3 12:00:00,2019-12-4 12:00:00,1028
1034,記念グッズ,2019-12-3 12:00:00,2019-12-4 12:00:00,1028
1035,応援グッズ,2019-12-3 12:00:00,2019-12-4 12:00:00,1028
1036,その他,2019-12-3 12:00:00,2019-12-4 12:00:00,1028
1037,スノーボード,2019-12-3 12:00:00,2019-12-4 12:00:00,977
1038,ボード,2019-12-3 12:00:00,2019-12-4 12:00:00,1037
1039,バインディング,2019-12-3 12:00:00,2019-12-4 12:00:00,1037
1040,ブーツ(男性用),2019-12-3 12:00:00,2019-12-4 12:00:00,1037
1041,ブーツ(女性用),2019-12-3 12:00:00,2019-12-4 12:00:00,1037
1042,ブーツ(子ども用),2019-12-3 12:00:00,2019-12-4 12:00:00,1037
1043,ウエア/装備(男性用),2019-12-3 12:00:00,2019-12-4 12:00:00,1037
1044,ウエア/装備(女性用),2019-12-3 12:00:00,2019-12-4 12:00:00,1037
1045,ウエア/装備(子ども用),2019-12-3 12:00:00,2019-12-4 12:00:00,1037
1046,アクセサリー,2019-12-3 12:00:00,2019-12-4 12:00:00,1037
1047,バッグ,2019-12-3 12:00:00,2019-12-4 12:00:00,1037
1048,その他,2019-12-3 12:00:00,2019-12-4 12:00:00,1037
1049,スキー,2019-12-3 12:00:00,2019-12-4 12:00:00,977
1050,板,2019-12-3 12:00:00,2019-12-4 12:00:00,1049
1051,ブーツ(男性用),2019-12-3 12:00:00,2019-12-4 12:00:00,1049
1052,ブーツ(女性用),2019-12-3 12:00:00,2019-12-4 12:00:00,1049
1053,ブーツ(子ども用),2019-12-3 12:00:00,2019-12-4 12:00:00,1049
1054,ビンディング,2019-12-3 12:00:00,2019-12-4 12:00:00,1049
1055,ウエア(男性用),2019-12-3 12:00:00,2019-12-4 12:00:00,1049
1056,ウエア(女性用),2019-12-3 12:00:00,2019-12-4 12:00:00,1049
1057,ウエア(子ども用),2019-12-3 12:00:00,2019-12-4 12:00:00,1049
1058,ストック,2019-12-3 12:00:00,2019-12-4 12:00:00,1049
1059,その他,2019-12-3 12:00:00,2019-12-4 12:00:00,1049
1060,その他スポーツ,2019-12-3 12:00:00,2019-12-4 12:00:00,977
1061,ダンス/バレエ,2019-12-3 12:00:00,2019-12-4 12:00:00,1060
1062,サーフィン,2019-12-3 12:00:00,2019-12-4 12:00:00,1060
1063,バスケットボール,2019-12-3 12:00:00,2019-12-4 12:00:00,1060
1064,バドミントン,2019-12-3 12:00:00,2019-12-4 12:00:00,1060
1065,バレーボール,2019-12-3 12:00:00,2019-12-4 12:00:00,1060
1066,スケートボード,2019-12-3 12:00:00,2019-12-4 12:00:00,1060
1067,陸上競技,2019-12-3 12:00:00,2019-12-4 12:00:00,1060
1068,ラグビー,2019-12-3 12:00:00,2019-12-4 12:00:00,1060
1069,アメリカンフットボール,2019-12-3 12:00:00,2019-12-4 12:00:00,1060
1070,ボクシング,2019-12-3 12:00:00,2019-12-4 12:00:00,1060
1071,ボウリング,2019-12-3 12:00:00,2019-12-4 12:00:00,1060
1072,その他,2019-12-3 12:00:00,2019-12-4 12:00:00,1060
1073,アウトドア,2019-12-3 12:00:00,2019-12-4 12:00:00,977
1074,テント/タープ,2019-12-3 12:00:00,2019-12-4 12:00:00,1073
1075,ライト/ランタン,2019-12-3 12:00:00,2019-12-4 12:00:00,1073
1076,寝袋/寝具,2019-12-3 12:00:00,2019-12-4 12:00:00,1073
1077,テーブル/チェア,2019-12-3 12:00:00,2019-12-4 12:00:00,1073
1078,ストーブ/コンロ,2019-12-3 12:00:00,2019-12-4 12:00:00,1073
1079,調理器具,2019-12-3 12:00:00,2019-12-4 12:00:00,1073
1080,食器,2019-12-3 12:00:00,2019-12-4 12:00:00,1073
1081,登山用品,2019-12-3 12:00:00,2019-12-4 12:00:00,1073
1082,その他,2019-12-3 12:00:00,2019-12-4 12:00:00,1073
1083,その他,2019-12-3 12:00:00,2019-12-4 12:00:00,977
1084,旅行用品,2019-12-3 12:00:00,2019-12-4 12:00:00,1083
1085,その他,2019-12-3 12:00:00,2019-12-4 12:00:00,1083
1086,ハンドメイド,2019-12-3 12:00:00,2019-12-4 12:00:00,
1087,アクセサリー(女性用),2019-12-3 12:00:00,2019-12-4 12:00:00,1086
1088,ピアス,2019-12-3 12:00:00,2019-12-4 12:00:00,1087
1089,イヤリング,2019-12-3 12:00:00,2019-12-4 12:00:00,1087
1090,ネックレス,2019-12-3 12:00:00,2019-12-4 12:00:00,1087
1091,ブレスレット,2019-12-3 12:00:00,2019-12-4 12:00:00,1087
1092,リング,2019-12-3 12:00:00,2019-12-4 12:00:00,1087
1093,チャーム,2019-12-3 12:00:00,2019-12-4 12:00:00,1087
1094,ヘアゴム,2019-12-3 12:00:00,2019-12-4 12:00:00,1087
1095,アンクレット,2019-12-3 12:00:00,2019-12-4 12:00:00,1087
1096,その他,2019-12-3 12:00:00,2019-12-4 12:00:00,1087
1097,ファッション/小物,2019-12-3 12:00:00,2019-12-4 12:00:00,1086
1098,バッグ(女性用),2019-12-3 12:00:00,2019-12-4 12:00:00,1097
1099,バッグ(男性用),2019-12-3 12:00:00,2019-12-4 12:00:00,1097
1100,財布(女性用),2019-12-3 12:00:00,2019-12-4 12:00:00,1097
1101,財布(男性用),2019-12-3 12:00:00,2019-12-4 12:00:00,1097
1102,ファッション雑貨,2019-12-3 12:00:00,2019-12-4 12:00:00,1097
1103,その他,2019-12-3 12:00:00,2019-12-4 12:00:00,1097
1104,アクセサリー/時計,2019-12-3 12:00:00,2019-12-4 12:00:00,1086
1105,アクセサリー(男性用),2019-12-3 12:00:00,2019-12-4 12:00:00,1104
1106,時計(女性用),2019-12-3 12:00:00,2019-12-4 12:00:00,1104
1107,時計(男性用),2019-12-3 12:00:00,2019-12-4 12:00:00,1104
1108,その他,2019-12-3 12:00:00,2019-12-4 12:00:00,1104
1109,日用品/インテリア,2019-12-3 12:00:00,2019-12-4 12:00:00,1086
1110,キッチン用品,2019-12-3 12:00:00,2019-12-4 12:00:00,1109
1111,家具,2019-12-3 12:00:00,2019-12-4 12:00:00,1109
1112,文房具,2019-12-3 12:00:00,2019-12-4 12:00:00,1109
1113,アート/写真,2019-12-3 12:00:00,2019-12-4 12:00:00,1109
1114,アロマ/キャンドル,2019-12-3 12:00:00,2019-12-4 12:00:00,1109
1115,フラワー/ガーデン,2019-12-3 12:00:00,2019-12-4 12:00:00,1109
1116,その他,2019-12-3 12:00:00,2019-12-4 12:00:00,1109
1117,趣味/おもちゃ,2019-12-3 12:00:00,2019-12-4 12:00:00,1086
1118,クラフト/布製品,2019-12-3 12:00:00,2019-12-4 12:00:00,1117
1119,おもちゃ/人形,2019-12-3 12:00:00,2019-12-4 12:00:00,1117
1120,その他,2019-12-3 12:00:00,2019-12-4 12:00:00,1117
1121,キッズ/ベビー,2019-12-3 12:00:00,2019-12-4 12:00:00,1086
1122,ファッション雑貨,2019-12-3 12:00:00,2019-12-4 12:00:00,1121
1123,スタイ/よだれかけ,2019-12-3 12:00:00,2019-12-4 12:00:00,1121
1124,外出用品,2019-12-3 12:00:00,2019-12-4 12:00:00,1121
1125,ネームタグ,2019-12-3 12:00:00,2019-12-4 12:00:00,1121
1126,その他,2019-12-3 12:00:00,2019-12-4 12:00:00,1121
1127,素材/材料,2019-12-3 12:00:00,2019-12-4 12:00:00,1086
1128,各種パーツ,2019-12-3 12:00:00,2019-12-4 12:00:00,1127
1129,生地/糸,2019-12-3 12:00:00,2019-12-4 12:00:00,1127
1130,型紙/パターン,2019-12-3 12:00:00,2019-12-4 12:00:00,1127
1131,その他,2019-12-3 12:00:00,2019-12-4 12:00:00,1127
1132,二次創作物,2019-12-3 12:00:00,2019-12-4 12:00:00,1086
1133,Ingress,2019-12-3 12:00:00,2019-12-4 12:00:00,1132
1134,クリエイターズ宇宙兄弟,2019-12-3 12:00:00,2019-12-4 12:00:00,1132
1135,シンデレラガールズCPグッズ,2019-12-3 12:00:00,2019-12-4 12:00:00,1132
1136,その他,2019-12-3 12:00:00,2019-12-4 12:00:00,1086
1137,チケット,2019-12-3 12:00:00,2019-12-4 12:00:00,
1138,音楽,2019-12-3 12:00:00,2019-12-4 12:00:00,1137
1139,男性アイドル,2019-12-3 12:00:00,2019-12-4 12:00:00,1138
1140,女性アイドル,2019-12-3 12:00:00,2019-12-4 12:00:00,1138
1141,韓流,2019-12-3 12:00:00,2019-12-4 12:00:00,1138
1142,国内アーティスト,2019-12-3 12:00:00,2019-12-4 12:00:00,1138
1143,海外アーティスト,2019-12-3 12:00:00,2019-12-4 12:00:00,1138
1144,音楽フェス,2019-12-3 12:00:00,2019-12-4 12:00:00,1138
1145,声優/アニメ,2019-12-3 12:00:00,2019-12-4 12:00:00,1138
1146,その他,2019-12-3 12:00:00,2019-12-4 12:00:00,1138
1147,スポーツ,2019-12-3 12:00:00,2019-12-4 12:00:00,1137
1148,サッカー,2019-12-3 12:00:00,2019-12-4 12:00:00,1147
1149,野球,2019-12-3 12:00:00,2019-12-4 12:00:00,1147
1150,テニス,2019-12-3 12:00:00,2019-12-4 12:00:00,1147
1151,格闘技/プロレス,2019-12-3 12:00:00,2019-12-4 12:00:00,1147
1152,相撲/武道,2019-12-3 12:00:00,2019-12-4 12:00:00,1147
1153,ゴルフ,2019-12-3 12:00:00,2019-12-4 12:00:00,1147
1154,バレーボール,2019-12-3 12:00:00,2019-12-4 12:00:00,1147
1155,バスケットボール,2019-12-3 12:00:00,2019-12-4 12:00:00,1147
1156,モータースポーツ,2019-12-3 12:00:00,2019-12-4 12:00:00,1147
1157,ウィンタースポーツ,2019-12-3 12:00:00,2019-12-4 12:00:00,1147
1158,その他,2019-12-3 12:00:00,2019-12-4 12:00:00,1147
1159,演劇/芸能,2019-12-3 12:00:00,2019-12-4 12:00:00,1137
1160,ミュージカル,2019-12-3 12:00:00,2019-12-4 12:00:00,1159
1161,演劇,2019-12-3 12:00:00,2019-12-4 12:00:00,1159
1162,伝統芸能,2019-12-3 12:00:00,2019-12-4 12:00:00,1159
1163,落語,2019-12-3 12:00:00,2019-12-4 12:00:00,1159
1164,お笑い,2019-12-3 12:00:00,2019-12-4 12:00:00,1159
1165,オペラ,2019-12-3 12:00:00,2019-12-4 12:00:00,1159
1166,サーカス,2019-12-3 12:00:00,2019-12-4 12:00:00,1159
1167,バレエ,2019-12-3 12:00:00,2019-12-4 12:00:00,1159
1168,その他,2019-12-3 12:00:00,2019-12-4 12:00:00,1159
1169,イベント,2019-12-3 12:00:00,2019-12-4 12:00:00,1137
1170,声優/アニメ,2019-12-3 12:00:00,2019-12-4 12:00:00,1169
1171,キッズ/ファミリー,2019-12-3 12:00:00,2019-12-4 12:00:00,1169
1172,トークショー/講演会,2019-12-3 12:00:00,2019-12-4 12:00:00,1169
1173,その他,2019-12-3 12:00:00,2019-12-4 12:00:00,1169
1174,映画,2019-12-3 12:00:00,2019-12-4 12:00:00,1137
1175,邦画,2019-12-3 12:00:00,2019-12-4 12:00:00,1175
1176,洋画,2019-12-3 12:00:00,2019-12-4 12:00:00,1175
1177,その他,2019-12-3 12:00:00,2019-12-4 12:00:00,1175
1178,施設利用券,2019-12-3 12:00:00,2019-12-4 12:00:00,1137
1179,遊園地/テーマパーク,2019-12-3 12:00:00,2019-12-4 12:00:00,1178
1180,美術館/博物館,2019-12-3 12:00:00,2019-12-4 12:00:00,1178
1181,スキー場,2019-12-3 12:00:00,2019-12-4 12:00:00,1178
1182,ゴルフ場,2019-12-3 12:00:00,2019-12-4 12:00:00,1178
1183,フィットネスクラブ,2019-12-3 12:00:00,2019-12-4 12:00:00,1178
1184,プール,2019-12-3 12:00:00,2019-12-4 12:00:00,1178
1185,ボウリング場,2019-12-3 12:00:00,2019-12-4 12:00:00,1178
1186,水族館,2019-12-3 12:00:00,2019-12-4 12:00:00,1178
1187,動物園,2019-12-3 12:00:00,2019-12-4 12:00:00,1178
1188,その他,2019-12-3 12:00:00,2019-12-4 12:00:00,1178
1189,優待券/割引券,2019-12-3 12:00:00,2019-12-4 12:00:00,1137
1190,ショッピング,2019-12-3 12:00:00,2019-12-4 12:00:00,1189
1191,レストラン/食事券,2019-12-3 12:00:00,2019-12-4 12:00:00,1189
1192,フード/ドリンク券,2019-12-3 12:00:00,2019-12-4 12:00:00,1189
1193,宿泊券,2019-12-3 12:00:00,2019-12-4 12:00:00,1189
1194,その他,2019-12-3 12:00:00,2019-12-4 12:00:00,1189
1195,その他,2019-12-3 12:00:00,2019-12-4 12:00:00,1137
1196,自動車・オートバイ,2019-12-3 12:00:00,2019-12-4 12:00:00,
1197,自動車本体,2019-12-3 12:00:00,2019-12-4 12:00:00,1196
1198,国内自動車本体,2019-12-3 12:00:00,2019-12-4 12:00:00,1197
1199,外国自動車本体,2019-12-3 12:00:00,2019-12-4 12:00:00,1197
1200,自動車タイヤ/ホイール,2019-12-3 12:00:00,2019-12-4 12:00:00,1196
1201,タイヤ/ホイールセット,2019-12-3 12:00:00,2019-12-4 12:00:00,1200
1202,タイヤ,2019-12-3 12:00:00,2019-12-4 12:00:00,1200
1203,ホイール,2019-12-3 12:00:00,2019-12-4 12:00:00,1200
1204,その他,2019-12-3 12:00:00,2019-12-4 12:00:00,1200
1205,自動車パーツ,2019-12-3 12:00:00,2019-12-4 12:00:00,1196
1206,サスペンション,2019-12-3 12:00:00,2019-12-4 12:00:00,1205
1207,ブレーキ,2019-12-3 12:00:00,2019-12-4 12:00:00,1205
1208,外装、エアロパーツ,2019-12-3 12:00:00,2019-12-4 12:00:00,1205
1209,ライト,2019-12-3 12:00:00,2019-12-4 12:00:00,1205
1210,内装品、シート,2019-12-3 12:00:00,2019-12-4 12:00:00,1205
1211,ステアリング,2019-12-3 12:00:00,2019-12-4 12:00:00,1205
1212,マフラー・排気系,2019-12-3 12:00:00,2019-12-4 12:00:00,1205
1213,エンジン、過給器、冷却装置,2019-12-3 12:00:00,2019-12-4 12:00:00,1205
1214,クラッチ、ミッション、駆動系,2019-12-3 12:00:00,2019-12-4 12:00:00,1205
1215,電装品,2019-12-3 12:00:00,2019-12-4 12:00:00,1205
1216,補強パーツ,2019-12-3 12:00:00,2019-12-4 12:00:00,1205
1217,汎用パーツ,2019-12-3 12:00:00,2019-12-4 12:00:00,1205
1218,外国自動車用パーツ,2019-12-3 12:00:00,2019-12-4 12:00:00,1205
1219,その他,2019-12-3 12:00:00,2019-12-4 12:00:00,1205
1220,自動車アクセサリー,2019-12-3 12:00:00,2019-12-4 12:00:00,1196
1221,車内アクセサリー,2019-12-3 12:00:00,2019-12-4 12:00:00,1220
1222,カーナビ,2019-12-3 12:00:00,2019-12-4 12:00:00,1220
1223,カーオーディオ,2019-12-3 12:00:00,2019-12-4 12:00:00,1220
1224,車外アクセサリー,2019-12-3 12:00:00,2019-12-4 12:00:00,1220
1225,メンテナンス用品,2019-12-3 12:00:00,2019-12-4 12:00:00,1220
1226,チャイルドシート,2019-12-3 12:00:00,2019-12-4 12:00:00,1220
1227,ドライブレコーダー,2019-12-3 12:00:00,2019-12-4 12:00:00,1220
1228,レーダー探知機,2019-12-3 12:00:00,2019-12-4 12:00:00,1220
1229,カタログ/マニュアル,2019-12-3 12:00:00,2019-12-4 12:00:00,1220
1230,セキュリティ,2019-12-3 12:00:00,2019-12-4 12:00:00,1220
1231,ETC,2019-12-3 12:00:00,2019-12-4 12:00:00,1220
1232,その他,2019-12-3 12:00:00,2019-12-4 12:00:00,1220
1233,オートバイ車体,2019-12-3 12:00:00,2019-12-4 12:00:00,1196
1234,オートバイパーツ,2019-12-3 12:00:00,2019-12-4 12:00:00,1196
1235,タイヤ,2019-12-3 12:00:00,2019-12-4 12:00:00,1234
1236,マフラー,2019-12-3 12:00:00,2019-12-4 12:00:00,1234
1237,エンジン、冷却装置,2019-12-3 12:00:00,2019-12-4 12:00:00,1234
1238,カウル、フェンダー、外装,2019-12-3 12:00:00,2019-12-4 12:00:00,1234
1239,サスペンション,2019-12-3 12:00:00,2019-12-4 12:00:00,1234
1240,ホイール,2019-12-3 12:00:00,2019-12-4 12:00:00,1234
1241,シート,2019-12-3 12:00:00,2019-12-4 12:00:00,1234
1242,ブレーキ,2019-12-3 12:00:00,2019-12-4 12:00:00,1234
1243,タンク,2019-12-3 12:00:00,2019-12-4 12:00:00,1234
1244,ライト、ウィンカー,2019-12-3 12:00:00,2019-12-4 12:00:00,1234
1245,チェーン、スプロケット、駆動系,2019-12-3 12:00:00,2019-12-4 12:00:00,1234
1246,メーター,2019-12-3 12:00:00,2019-12-4 12:00:00,1234
1247,電装系,2019-12-3 12:00:00,2019-12-4 12:00:00,1234
1248,ミラー,2019-12-3 12:00:00,2019-12-4 12:00:00,1234
1249,外国オートバイ用パーツ,2019-12-3 12:00:00,2019-12-4 12:00:00,1234
1250,その他,2019-12-3 12:00:00,2019-12-4 12:00:00,1234
1251,オートバイアクセサリー,2019-12-3 12:00:00,2019-12-4 12:00:00,1196
1252,ヘルメット/シールド,2019-12-3 12:00:00,2019-12-4 12:00:00,1251
1253,バイクウエア/装備,2019-12-3 12:00:00,2019-12-4 12:00:00,1251
1254,アクセサリー,2019-12-3 12:00:00,2019-12-4 12:00:00,1251
1255,メンテナンス,2019-12-3 12:00:00,2019-12-4 12:00:00,1251
1256,カタログ/マニュアル,2019-12-3 12:00:00,2019-12-4 12:00:00,1251
1257,その他,2019-12-3 12:00:00,2019-12-4 12:00:00,1251
1258,その他,2019-12-3 12:00:00,2019-12-4 12:00:00,
1259,まとめ売り,2019-12-3 12:00:00,2019-12-4 12:00:00,1258
1260,ペット用品,2019-12-3 12:00:00,2019-12-4 12:00:00,1259
1261,ペットフード,2019-12-3 12:00:00,2019-12-4 12:00:00,1259
1262,犬用品,2019-12-3 12:00:00,2019-12-4 12:00:00,1259
1263,猫用品,2019-12-3 12:00:00,2019-12-4 12:00:00,1259
1264,魚用品/水草,2019-12-3 12:00:00,2019-12-4 12:00:00,1259
1265,小動物用品,2019-12-3 12:00:00,2019-12-4 12:00:00,1259
1266,爬虫類/両生類用品,2019-12-3 12:00:00,2019-12-4 12:00:00,1259
1267,かご/おり,2019-12-3 12:00:00,2019-12-4 12:00:00,1259
1268,鳥用品,2019-12-3 12:00:00,2019-12-4 12:00:00,1259
1269,虫類用品,2019-12-3 12:00:00,2019-12-4 12:00:00,1259
1270,その他,2019-12-3 12:00:00,2019-12-4 12:00:00,1259
1271,食品,2019-12-3 12:00:00,2019-12-4 12:00:00,1258
1272,菓子,2019-12-3 12:00:00,2019-12-4 12:00:00,1271
1273,米,2019-12-3 12:00:00,2019-12-4 12:00:00,1271
1274,野菜,2019-12-3 12:00:00,2019-12-4 12:00:00,1271
1275,果物,2019-12-3 12:00:00,2019-12-4 12:00:00,1271
1276,調味料,2019-12-3 12:00:00,2019-12-4 12:00:00,1271
1277,魚介類(加工食品),2019-12-3 12:00:00,2019-12-4 12:00:00,1271
1278,肉類(加工食品),2019-12-3 12:00:00,2019-12-4 12:00:00,1271
1279,その他 加工食品,2019-12-3 12:00:00,2019-12-4 12:00:00,1271
1280,その他,2019-12-3 12:00:00,2019-12-4 12:00:00,1271
1281,飲料/酒,2019-12-3 12:00:00,2019-12-4 12:00:00,1258
1282,コーヒー,2019-12-3 12:00:00,2019-12-4 12:00:00,1281
1283,ソフトドリンク,2019-12-3 12:00:00,2019-12-4 12:00:00,1281
1284,ミネラルウォーター,2019-12-3 12:00:00,2019-12-4 12:00:00,1281
1285,茶,2019-12-3 12:00:00,2019-12-4 12:00:00,1281
1286,ウイスキー,2019-12-3 12:00:00,2019-12-4 12:00:00,1281
1287,ワイン,2019-12-3 12:00:00,2019-12-4 12:00:00,1281
1288,ブランデー,2019-12-3 12:00:00,2019-12-4 12:00:00,1281
1289,焼酎,2019-12-3 12:00:00,2019-12-4 12:00:00,1281
1290,日本酒,2019-12-3 12:00:00,2019-12-4 12:00:00,1281
1291,ビール、発泡酒,2019-12-3 12:00:00,2019-12-4 12:00:00,1281
1292,その他,2019-12-3 12:00:00,2019-12-4 12:00:00,1281
1293,日用品/生活雑貨/旅行,2019-12-3 12:00:00,2019-12-4 12:00:00,1258
1294,タオル/バス用品,2019-12-3 12:00:00,2019-12-4 12:00:00,1293
1295,日用品/生活雑貨,2019-12-3 12:00:00,2019-12-4 12:00:00,1293
1296,洗剤/柔軟剤,2019-12-3 12:00:00,2019-12-4 12:00:00,1293
1297,旅行用品,2019-12-3 12:00:00,2019-12-4 12:00:00,1293
1298,防災関連グッズ,2019-12-3 12:00:00,2019-12-4 12:00:00,1293
1299,その他,2019-12-3 12:00:00,2019-12-4 12:00:00,1293
1300,アンティーク/コレクション,2019-12-3 12:00:00,2019-12-4 12:00:00,1258
1301,雑貨,2019-12-3 12:00:00,2019-12-4 12:00:00,1300
1302,工芸品,2019-12-3 12:00:00,2019-12-4 12:00:00,1300
1303,家具,2019-12-3 12:00:00,2019-12-4 12:00:00,1300
1304,印刷物,2019-12-3 12:00:00,2019-12-4 12:00:00,1300
1305,その他,2019-12-3 12:00:00,2019-12-4 12:00:00,1300
1306,文房具/事務用品,2019-12-3 12:00:00,2019-12-4 12:00:00,1258
1307,筆記具,2019-12-3 12:00:00,2019-12-4 12:00:00,1306
1308,ノート/メモ帳,2019-12-3 12:00:00,2019-12-4 12:00:00,1306
1309,テープ/マスキングテープ,2019-12-3 12:00:00,2019-12-4 12:00:00,1306
1310,カレンダー/スケジュール,2019-12-3 12:00:00,2019-12-4 12:00:00,1306
1311,アルバム/スクラップ,2019-12-3 12:00:00,2019-12-4 12:00:00,1306
1312,ファイル/バインダー,2019-12-3 12:00:00,2019-12-4 12:00:00,1306
1313,はさみ/カッター,2019-12-3 12:00:00,2019-12-4 12:00:00,1306
1314,カードホルダー/名刺管理,2019-12-3 12:00:00,2019-12-4 12:00:00,1306
1315,のり/ホッチキス,2019-12-3 12:00:00,2019-12-4 12:00:00,1306
1316,その他,2019-12-3 12:00:00,2019-12-4 12:00:00,1306
1317,事務/店舗用品,2019-12-3 12:00:00,2019-12-4 12:00:00,1258
1318,オフィス用品一般,2019-12-3 12:00:00,2019-12-4 12:00:00,1317
1319,オフィス家具,2019-12-3 12:00:00,2019-12-4 12:00:00,1317
1320,店舗用品,2019-12-3 12:00:00,2019-12-4 12:00:00,1317
1321,OA機器,2019-12-3 12:00:00,2019-12-4 12:00:00,1317
1322,ラッピング/包装,2019-12-3 12:00:00,2019-12-4 12:00:00,1317
1323,その他,2019-12-3 12:00:00,2019-12-4 12:00:00,1317
1324,その他,2019-12-3 12:00:00,2019-12-4 12:00:00,1258